CN,PLT_CN,INVYR,STATECD,COUNTYCD,PLOT,SMPLNNBR,VSTNBR,LAYER_TYPE,SAMPLER_TYPE,QASTATCD,SAMPLE_DATE,LAB_ID,SAMPLE_ID,FIELD_MOIST_SOIL_WT,AIR_DRY_SOIL_WT,OVEN_DRY_SOIL_WT,FIELD_MOIST_WATER_CONTENT_PCT,RESIDUAL_WATER_CONTENT_PCT,TOTAL_WATER_CONTENT_PCT,BULK_DENSITY,COARSE_FRACTION_PCT,C_ORG_PCT,C_INORG_PCT,C_TOTAL_PCT,N_TOTAL_PCT,PH_H2O,PH_CACL2,EXCHNG_NA,EXCHNG_K,EXCHNG_MG,EXCHNG_CA,EXCHNG_AL,ECEC,EXCHNG_MN,EXCHNG_FE,EXCHNG_NI,EXCHNG_CU,EXCHNG_ZN,EXCHNG_CD,EXCHNG_PB,EXCHNG_S,BRAY1_P,OLSEN_P,MEASYEAR,MODIFIED_DATE,CREATED_DATE
29198811010900,24511125010900,2003,53,7,87942,2,1,FF_TOTAL,SF,1,2003-09-15 00:00:00,LOFSL,980,326.75,286.32,270.33,14.12,5.91,20.87,,,47.49,,47.49,1.27,,,,,,,,,,,,,,,,,,,2003,2018-02-23 20:56:54,2008-05-14 15:09:13
29198813010900,24511125010900,2003,53,7,87942,2,1,MIN_1,BD,1,2003-09-15 00:00:00,LOFSL,330,147.8,138.74,137.18,6.53,1.13,7.74,,17.15,5.62,0.29,5.91,0.2,4.95,4.19,0.0,99.56,16.14,238.69,86.96,2.55,26.62,0.0,0.12,0.0,0.5,0.0,0.53,0.0,273.0,,2003,2018-02-23 20:56:54,2008-05-14 15:09:13
29198814010900,24511125010900,2003,53,7,87942,2,1,MIN_2,BD,1,2003-09-15 00:00:00,LOFSL,296,159.17,147.04,145.17,8.25,1.29,9.65,,21.63,1.74,0.28,2.02,0.07,5.75,4.73,0.0,198.5,0.0,208.3,76.08,2.39,11.15,0.0,0.0,0.0,0.12,-0.02,0.14,9.39,130.57,,2003,2018-02-23 20:56:54,2008-05-14 15:09:13
29198812010900,24511125010900,2003,53,7,87942,3,1,FF_TOTAL,SF,1,2003-09-15 00:00:00,LOFSL,981,284.28,251.13,237.54,13.2,5.72,19.68,,,43.39,,43.39,1.01,,,,,,,,,,,,,,,,,,,2003,2018-02-23 20:56:54,2008-05-14 15:09:13
29198807010900,24515062010900,2003,53,9,62049,2,1,FF_TOTAL,SF,1,2003-07-23 00:00:00,LOFSL,801,2860.13,596.34,550.07,379.61,8.41,419.96,,,22.82,,22.82,0.58,,,,,,,,,,,,,,,,,,,2003,2018-02-23 20:56:54,2008-05-14 15:09:13
29198810010900,24515062010900,2003,53,9,62049,2,1,MIN_1,O,1,2003-07-23 00:00:00,LOFSL,263,295.23,166.26,162.79,77.57,2.13,81.35,,13.67,2.98,0.46,3.44,0.17,4.47,3.65,23.33,28.08,65.14,187.2,731.1,9.77,8.84,23.85,0.0,0.0,0.74,0.1,1.08,4.63,7.34,,2003,2018-02-23 20:56:54,2008-05-14 15:09:13
29198808010900,24515062010900,2003,53,9,62049,3,1,FF_TOTAL,SF,1,2003-07-23 00:00:00,LOFSL,802,3883.86,1120.28,974.79,246.69,14.93,298.43,,,22.44,,22.44,0.51,,,,,,,,,,,,,,,,,,,2003,2018-02-23 20:56:54,2008-05-14 15:09:13
29198809010900,24515062010900,2003,53,9,62049,4,1,FF_TOTAL,SF,1,2003-07-23 00:00:00,LOFSL,803,4282.74,832.93,772.06,414.18,7.88,454.72,,,39.43,,39.43,0.84,,,,,,,,,,,,,,,,,,,2003,2018-02-23 20:56:54,2008-05-14 15:09:13
29198867010900,24524302010900,2003,53,19,75195,2,1,FF_TOTAL,SF,1,2003-09-17 00:00:00,LOFSL,977,228.21,117.07,107.92,94.93,8.48,111.46,,,33.71,,33.71,1.03,,,,,,,,,,,,,,,,,,,2003,2018-02-23 20:56:54,2008-05-14 15:09:12
29198870010900,24524302010900,2003,53,19,75195,2,1,MIN_1,BD,1,2003-09-17 00:00:00,LOFSL,329,145.69,130.56,129.1,11.59,1.13,12.85,,15.96,1.74,0.31,2.05,0.09,5.25,4.43,0.0,88.05,87.79,768.79,17.61,4.98,20.18,0.0,0.19,0.0,1.53,0.0,0.31,0.0,136.81,,2003,2018-02-23 20:56:54,2008-05-14 15:09:12
29198871010900,24524302010900,2003,53,19,75195,2,1,MIN_2,BD,1,2003-09-17 00:00:00,LOFSL,295,210.37,192.93,192.3,9.04,0.33,9.4,,17.79,0.65,0.31,0.96,0.06,5.7,4.98,0.0,500.3,97.98,1374.0,10.7,9.06,15.22,0.0,0.0,0.0,0.38,-0.02,0.2,4.57,164.11,,2003,2018-02-23 20:56:54,2008-05-14 15:09:12
29198868010900,24524302010900,2003,53,19,75195,3,1,FF_TOTAL,SF,1,2003-09-17 00:00:00,LOFSL,978,300.61,126.66,116.3,137.34,8.91,158.47,,,39.33,,39.33,1.11,,,,,,,,,,,,,,,,,,,2003,2018-02-23 20:56:54,2008-05-14 15:09:12
29198869010900,24524302010900,2003,53,19,75195,4,1,FF_TOTAL,SF,1,2003-09-17 00:00:00,LOFSL,979,315.98,188.09,167.23,67.99,12.48,88.95,,,37.14,,37.14,1.18,,,,,,,,,,,,,,,,,,,2003,2018-02-23 20:56:54,2008-05-14 15:09:12
29198772010900,24529867010900,2003,53,27,90637,2,1,FF_TOTAL,SF,1,2003-08-02 00:00:00,LOFSL,798,575.9,309.86,280.65,85.86,10.41,105.2,,,49.07,,49.07,1.11,,,,,,,,,,,,,,,,,,,2003,2018-02-23 20:56:54,2008-05-14 15:09:12
29198773010900,24529867010900,2003,53,27,90637,3,1,FF_TOTAL,SF,1,2003-08-02 00:00:00,LOFSL,799,341.76,183.54,170.28,86.2,7.79,100.7,,,45.14,,45.14,1.37,,,,,,,,,,,,,,,,,,,2003,2018-02-23 20:56:54,2008-05-14 15:09:12
29198774010900,24529867010900,2003,53,27,90637,4,1,FF_TOTAL,SF,1,2003-08-02 00:00:00,LOFSL,800,112.61,80.9,73.68,39.2,9.8,52.84,,,32.83,,32.83,0.91,,,,,,,,,,,,,,,,,,,2003,2018-02-23 20:56:54,2008-05-14 15:09:12
29198790010900,24532762010900,2003,53,31,63911,2,1,FF_TOTAL,SF,1,2003-07-24 00:00:00,LOFSL,819,33.97,17.97,16.55,89.04,8.58,105.26,,,23.22,,23.22,0.66,,,,,,,,,,,,,,,,,,,2003,2018-02-23 20:56:54,2008-05-14 15:09:12
29198792010900,24532762010900,2003,53,31,63911,2,1,MIN_1,BD,1,2003-07-24 00:00:00,LOFSL,268,274.72,177.84,171.07,54.48,3.96,60.59,,21.94,4.22,0.41,4.63,0.33,4.03,3.51,21.48,42.85,56.39,65.14,1044.0,12.6,10.4,48.68,0.0,0.0,0.94,0.12,0.28,5.55,13.8,,2003,2018-02-23 20:56:54,2008-05-14 15:09:12
29198793010900,24532762010900,2003,53,31,63911,2,1,MIN_2,BD,1,2003-07-24 00:00:00,LOFSL,235,160.98,101.43,97.57,58.71,3.96,64.99,,10.77,5.79,0.39,6.18,0.41,3.97,3.6,0.0,0.0,84.79,113.4,900.44,11.28,32.1,72.24,0.31,0.0,2.16,-0.02,0.28,0.0,24.64,,2003,2018-02-23 20:56:54,2008-05-14 15:09:12
29198791010900,24532762010900,2003,53,31,63911,3,1,FF_TOTAL,SF,1,2003-07-24 00:00:00,LOFSL,820,527.79,260.0,237.01,103.0,9.7,122.68,,,29.42,,29.42,0.64,,,,,,,,,,,,,,,,,,,2003,2018-02-23 20:56:54,2008-05-14 15:09:12
29198797010900,24533919010900,2003,53,31,69231,2,1,FF_TOTAL,SF,1,2003-07-13 00:00:00,LOFSL,415,1769.37,1052.21,968.73,68.16,8.62,82.65,,,39.98,,39.98,1.25,,,,,,,,,,,,,,,,,,,2003,2018-02-23 20:56:54,2008-05-14 15:09:12
29198800010900,24533919010900,2003,53,31,69231,2,1,MIN_1,BD,1,2003-07-13 00:00:00,LOFSL,136,152.74,106.24,101.15,43.77,5.03,51.0,,31.23,15.7,0.07,15.77,0.88,4.91,4.19,32.32,85.18,201.7,986.5,188.3,9.03,244.4,0.0,0.58,0.0,1.62,0.1,0.53,16.78,73.68,,2003,2018-02-23 20:56:54,2008-05-14 15:09:12
29198801010900,24533919010900,2003,53,31,69231,2,1,MIN_2,BD,1,2003-07-13 00:00:00,LOFSL,122,268.25,223.8,221.01,19.86,1.26,21.37,,37.09,3.01,0.16,3.17,0.21,5.01,4.27,29.28,67.8,47.17,60.77,139.8,2.55,8.59,0.45,0.0,0.0,0.72,0.0,1.63,6.75,186.06,,2003,2018-02-23 20:56:54,2008-05-14 15:09:12
29198798010900,24533919010900,2003,53,31,69231,3,1,FF_TOTAL,SF,1,2003-07-13 00:00:00,LOFSL,416,2790.9,714.53,562.38,290.59,27.05,396.27,,,44.73,,44.73,1.85,,,,,,,,,,,,,,,,,,,2003,2018-02-23 20:56:54,2008-05-14 15:09:12
29198799010900,24533919010900,2003,53,31,69231,4,1,FF_TOTAL,SF,1,2003-07-13 00:00:00,LOFSL,417,356.5,283.69,265.01,25.67,7.05,34.52,,,31.52,,31.52,0.98,,,,,,,,,,,,,,,,,,,2003,2018-02-23 20:56:54,2008-05-14 15:09:12
29198763010900,24540463010900,2003,53,37,99186,2,1,FF_TOTAL,SF,1,2003-09-10 00:00:00,LOFSL,985,217.54,191.62,180.35,13.53,6.25,20.62,,,44.35,,44.35,1.19,,,,,,,,,,,,,,,,,,,2003,2018-02-23 20:56:54,2008-05-14 15:09:12
29198766010900,24540463010900,2003,53,37,99186,2,1,MIN_1,BD,1,2003-09-10 00:00:00,LOFSL,332,241.7,229.15,226.48,5.48,1.18,6.72,,20.33,1.35,0.29,1.64,0.08,6.29,5.58,1.06,197.4,76.01,1186.49,2.24,7.08,11.85,0.0,0.05,0.0,0.27,0.0,0.2,0.0,185.99,,2003,2018-02-23 20:56:54,2008-05-14 15:09:12
29198767010900,24540463010900,2003,53,37,99186,2,1,MIN_2,BD,1,2003-09-10 00:00:00,LOFSL,298,275.26,257.62,254.62,6.85,1.18,8.11,,20.2,0.54,0.28,0.82,0.05,6.29,5.63,0.0,526.1,62.62,2086.0,5.73,12.33,9.99,0.0,0.0,0.0,0.05,-0.02,0.0,0.1,62.11,,2003,2018-02-23 20:56:54,2008-05-14 15:09:12
29198764010900,24540463010900,2003,53,37,99186,3,1,FF_TOTAL,SF,1,2003-09-10 00:00:00,LOFSL,986,192.4,184.06,176.37,4.53,4.36,9.09,,,44.45,,44.45,0.92,,,,,,,,,,,,,,,,,,,2003,2018-02-23 20:56:54,2008-05-14 15:09:12
29198765010900,24540463010900,2003,53,37,99186,4,1,FF_TOTAL,SF,1,2003-09-10 00:00:00,LOFSL,987,74.62,72.69,69.67,2.66,4.34,7.11,,,41.13,,41.13,1.18,,,,,,,,,,,,,,,,,,,2003,2018-02-23 20:56:54,2008-05-14 15:09:12
29198698010900,24542155010900,2003,53,39,85271,2,1,FF_TOTAL,SF,1,2003-10-17 00:00:00,LOFSL,1139,298.6,220.52,204.18,35.41,8.0,46.25,,,32.62,,32.62,1.51,,,,,,,,,,,,,,,,,,,2003,2018-02-23 20:56:54,2008-05-14 15:09:12
29198700010900,24542155010900,2003,53,39,85271,2,1,MIN_1,O,1,2003-10-17 00:00:00,LOFSL,386,274.94,267.21,258.24,2.89,3.47,6.47,,31.72,3.77,0.38,4.15,0.26,7.23,6.65,4.16,766.8,408.6,4440.0,0.35,27.5,0.11,0.0,0.0,0.0,0.0,0.03,0.0,1.57,106.7,,2003,2018-02-23 20:56:54,2008-05-14 15:09:12
29198701010900,24542155010900,2003,53,39,85271,2,1,MIN_2,O,1,2003-10-17 00:00:00,LOFSL,338,300.65,294.28,286.0,2.16,2.89,5.12,,34.44,3.42,0.38,3.8,0.26,7.17,6.92,0.0,820.8,407.3,4110.0,0.0,25.96,0.5,0.0,0.0,0.0,-0.03,-0.02,0.61,0.0,110.69,,2003,2018-02-23 20:56:54,2008-05-14 15:09:12
29198699010900,24542155010900,2003,53,39,85271,3,1,FF_TOTAL,SF,1,2003-10-17 00:00:00,LOFSL,1140,16.77,16.05,15.71,4.49,2.14,6.72,,,20.76,,20.76,0.52,,,,,,,,,,,,,,,,,,,2003,2018-02-23 20:56:54,2008-05-14 15:09:12
29198733010900,24543817010900,2003,53,41,64687,2,1,FF_TOTAL,SF,1,2003-06-24 00:00:00,LOFSL,236,738.76,530.13,498.49,39.35,6.35,48.2,,,28.99,,28.99,0.94,,,,,,,,,,,,,,,,,,,2003,2018-02-23 20:56:54,2008-05-14 15:09:12
29198736010900,24543817010900,2003,53,41,64687,2,1,MIN_1,BD,1,2003-06-24 00:00:00,LOFSL,75,136.78,98.74,95.27,38.53,3.64,43.56,,26.32,7.33,0.38,7.71,0.6,4.83,4.25,12.44,288.0,125.2,1047.18,289.67,10.27,49.39,0.0,0.0,0.0,1.18,0.17,0.0,13.06,21.04,,2003,2018-02-23 20:56:54,2008-05-14 15:09:12
29198737010900,24543817010900,2003,53,41,64687,2,1,MIN_2,BD,1,2003-06-24 00:00:00,LOFSL,70,196.27,146.71,140.8,33.78,4.2,39.4,,29.33,6.6,0.21,6.81,0.52,4.93,4.38,0.0,227.2,16.71,785.7,219.37,7.08,28.97,0.0,0.0,0.0,0.58,0.03,0.2,11.65,12.37,,2003,2018-02-23 20:56:54,2008-05-14 15:09:12
29198734010900,24543817010900,2003,53,41,64687,3,1,FF_TOTAL,SF,1,2003-06-24 00:00:00,LOFSL,237,1183.17,414.08,380.83,185.73,8.73,210.68,,,40.72,,40.72,1.39,,,,,,,,,,,,,,,,,,,2003,2018-02-23 20:56:54,2008-05-14 15:09:12
29198735010900,24543817010900,2003,53,41,64687,4,1,FF_TOTAL,SF,1,2003-06-24 00:00:00,LOFSL,238,1265.98,555.86,518.49,127.75,7.21,144.17,,,32.77,,32.77,0.75,,,,,,,,,,,,,,,,,,,2003,2018-02-23 20:56:54,2008-05-14 15:09:12
29198753010900,24548222010900,2003,53,45,96974,2,1,FF_TOTAL,SF,1,2003-07-09 00:00:00,LOFSL,409,182.69,140.67,129.33,29.87,8.77,41.26,,,26.49,,26.49,0.98,,,,,,,,,,,,,,,,,,,2003,2018-02-23 20:56:54,2008-05-14 15:09:12
29198756010900,24548222010900,2003,53,45,96974,2,1,MIN_1,BD,1,2003-07-09 00:00:00,LOFSL,134,269.49,186.42,177.13,44.56,5.25,52.15,,0.58,5.99,0.07,6.06,0.36,5.28,4.67,11.9,107.8,131.1,635.6,109.9,5.8,31.09,0.0,0.0,0.0,0.66,0.09,0.0,10.26,1.47,,2003,2018-02-23 20:56:54,2008-05-14 15:09:12
29198757010900,24548222010900,2003,53,45,96974,2,1,MIN_2,BD,1,2003-07-09 00:00:00,LOFSL,120,217.11,147.32,142.22,47.37,3.59,52.66,,2.03,6.44,0.16,6.6,0.42,5.45,4.6,29.59,212.6,191.4,1053.0,67.67,8.25,56.22,0.0,0.0,0.0,1.08,0.0,0.98,3.66,4.48,,2003,2018-02-23 20:56:54,2008-05-14 15:09:12
29198754010900,24548222010900,2003,53,45,96974,3,1,FF_TOTAL,SF,1,2003-07-09 00:00:00,LOFSL,410,439.35,252.96,232.12,73.68,8.98,89.28,,,45.19,,45.19,1.41,,,,,,,,,,,,,,,,,,,2003,2018-02-23 20:56:54,2008-05-14 15:09:12
29198755010900,24548222010900,2003,53,45,96974,4,1,FF_TOTAL,SF,1,2003-07-09 00:00:00,LOFSL,411,452.83,289.98,268.01,56.16,8.2,68.96,,,43.36,,43.36,0.83,,,,,,,,,,,,,,,,,,,2003,2018-02-23 20:56:54,2008-05-14 15:09:12
29198832010900,24480780010900,2003,53,47,50268,2,1,FF_TOTAL,SF,1,2003-10-04 00:00:00,LOFSL,1016,153.47,152.24,141.57,0.81,7.54,8.41,,,39.68,,39.68,0.91,,,,,,,,,,,,,,,,,,,2003,2018-02-23 20:56:54,2008-05-14 15:09:12
29198835010900,24480780010900,2003,53,47,50268,2,1,MIN_1,O,1,2003-10-04 00:00:00,LOFSL,342,210.41,210.29,209.22,0.06,0.51,0.57,,11.08,0.74,0.3,1.04,0.07,6.33,5.42,2.53,136.2,79.33,735.19,1.38,4.7,2.33,0.0,0.06,0.0,0.05,0.0,0.0,0.0,88.65,,2003,2018-02-23 20:56:54,2008-05-14 15:09:12
29198836010900,24480780010900,2003,53,47,50268,2,1,MIN_2,O,1,2003-10-04 00:00:00,LOFSL,306,273.84,273.59,271.92,0.09,0.61,0.71,,8.35,0.68,0.3,0.98,0.05,6.41,5.75,0.0,273.3,37.7,1238.0,7.51,7.27,3.55,0.0,0.0,0.0,0.13,-0.02,0.0,0.0,68.75,,2003,2018-02-23 20:56:54,2008-05-14 15:09:12
29198833010900,24480780010900,2003,53,47,50268,3,1,FF_TOTAL,SF,1,2003-10-04 00:00:00,LOFSL,1017,9.47,9.39,8.86,0.85,5.93,6.83,,,22.85,,22.85,0.85,,,,,,,,,,,,,,,,,,,2003,2018-02-23 20:56:54,2008-05-14 15:09:12
29198834010900,24480780010900,2003,53,47,50268,4,1,FF_TOTAL,SF,1,2003-10-04 00:00:00,LOFSL,1018,128.62,128.24,118.21,0.3,8.48,8.8,,,41.9,,41.9,1.24,,,,,,,,,,,,,,,,,,,2003,2018-02-23 20:56:54,2008-05-14 15:09:12
29198862010900,24484062010900,2003,53,47,55200,2,1,FF_TOTAL,SF,1,2003-09-23 00:00:00,LOFSL,972,260.87,229.18,214.03,13.83,7.08,21.89,,,41.89,,41.89,1.55,,,,,,,,,,,,,,,,,,,2003,2018-02-23 20:56:54,2008-05-14 15:09:12
29198865010900,24484062010900,2003,53,47,55200,2,1,MIN_1,BD,1,2003-09-23 00:00:00,LOFSL,327,195.58,185.89,183.71,5.21,1.19,6.46,,19.48,3.96,0.34,4.3,0.29,6.15,5.55,0.0,226.5,126.33,2391.49,1.97,13.57,10.48,0.0,0.03,0.0,0.05,0.0,0.2,0.08,198.97,,2003,2018-02-23 20:56:54,2008-05-14 15:09:12
29198866010900,24484062010900,2003,53,47,55200,2,1,MIN_2,BD,1,2003-09-23 00:00:00,LOFSL,292,231.94,222.57,220.15,4.21,1.1,5.36,,33.58,2.46,0.31,2.77,0.17,5.79,5.11,0.0,266.9,55.59,2271.0,48.71,13.01,22.7,0.0,0.0,0.0,1.96,-0.02,0.0,3.19,343.98,,2003,2018-02-23 20:56:54,2008-05-14 15:09:12
29198863010900,24484062010900,2003,53,47,55200,3,1,FF_TOTAL,SF,1,2003-09-23 00:00:00,LOFSL,973,110.29,104.83,99.91,5.21,4.92,10.38,,,31.64,,31.64,0.99,,,,,,,,,,,,,,,,,,,2003,2018-02-23 20:56:54,2008-05-14 15:09:12
29198864010900,24484062010900,2003,53,47,55200,4,1,FF_TOTAL,SF,1,2003-09-23 00:00:00,LOFSL,974,1463.62,1300.09,1186.41,12.58,9.58,23.36,,,51.61,,51.61,0.31,,,,,,,,,,,,,,,,,,,2003,2018-02-23 20:56:54,2008-05-14 15:09:12
29198724010900,24485101010900,2003,53,49,97329,2,1,FF_TOTAL,SF,1,2003-10-27 00:00:00,LOFSL,1144,8.62,2.18,2.13,295.41,2.44,305.06,,,46.92,,46.92,1.39,,,,,,,,,,,,,,,,,,,2003,2018-02-23 20:56:54,2008-05-14 15:09:12
29198727010900,24485101010900,2003,53,49,97329,2,1,MIN_1,BD,1,2003-10-27 00:00:00,LOFSL,388,96.75,50.06,42.82,93.27,16.92,125.96,,10.06,17.4,0.56,17.96,0.95,4.3,3.92,46.59,140.6,654.5,1849.0,372.5,19.31,80.07,0.0,1.11,0.0,7.99,0.26,0.1,3.63,28.41,,2003,2018-02-23 20:56:54,2008-05-14 15:09:12
29198728010900,24485101010900,2003,53,49,97329,2,1,MIN_2,BD,1,2003-10-27 00:00:00,LOFSL,340,169.96,102.47,90.99,65.86,12.62,86.79,,0.49,5.08,0.44,5.52,0.42,4.82,4.03,0.0,48.34,227.5,534.7,704.9,12.5,30.5,0.0,0.23,0.0,3.1,-0.02,0.79,0.32,3.79,,2003,2018-02-23 20:56:54,2008-05-14 15:09:12
29198725010900,24485101010900,2003,53,49,97329,3,1,FF_TOTAL,SF,1,2003-10-27 00:00:00,LOFSL,1145,308.4,90.57,80.88,240.51,11.98,281.31,,,45.78,,45.78,1.06,,,,,,,,,,,,,,,,,,,2003,2018-02-23 20:56:54,2008-05-14 15:09:12
29198726010900,24485101010900,2003,53,49,97329,4,1,FF_TOTAL,SF,1,2003-10-27 00:00:00,LOFSL,1146,32.42,10.65,9.73,204.41,9.4,233.03,,,45.59,,45.59,1.33,,,,,,,,,,,,,,,,,,,2003,2018-02-23 20:56:54,2008-05-14 15:09:12
29198818010900,24493125010900,2003,53,57,71023,2,1,FF_TOTAL,SF,1,2003-08-13 00:00:00,LOFSL,795,271.61,162.18,151.69,67.47,6.92,79.06,,,43.77,,43.77,1.91,,,,,,,,,,,,,,,,,,,2003,2018-02-23 20:56:54,2008-05-14 15:09:12
29198821010900,24493125010900,2003,53,57,71023,2,1,MIN_1,O,1,2003-08-13 00:00:00,LOFSL,262,153.57,121.86,119.7,26.02,1.8,28.3,,43.99,4.07,0.37,4.44,0.58,5.33,4.87,13.79,33.33,241.0,549.9,100.7,5.99,16.9,0.0,5.75,0.0,0.59,0.13,0.19,3.26,6.07,,2003,2018-02-23 20:56:54,2008-05-14 15:09:12
29198822010900,24493125010900,2003,53,57,71023,2,1,MIN_2,O,1,2003-08-13 00:00:00,LOFSL,293,169.24,141.25,139.89,19.82,0.97,20.98,,29.46,2.65,0.31,2.96,0.22,5.03,4.66,0.0,93.16,312.3,693.3,192.08,8.4,19.85,0.0,3.03,0.0,0.5,-0.02,0.25,4.75,5.48,,2003,2018-02-23 20:56:54,2008-05-14 15:09:12
29198819010900,24493125010900,2003,53,57,71023,3,1,FF_TOTAL,SF,1,2003-08-13 00:00:00,LOFSL,796,252.02,189.56,181.54,32.95,4.42,38.82,,,24.91,,24.91,1.55,,,,,,,,,,,,,,,,,,,2003,2018-02-23 20:56:54,2008-05-14 15:09:12
29198820010900,24493125010900,2003,53,57,71023,4,1,FF_TOTAL,SF,1,2003-08-13 00:00:00,LOFSL,797,2565.04,1411.62,1270.26,81.71,11.13,101.93,,,45.39,,45.39,1.47,,,,,,,,,,,,,,,,,,,2003,2018-02-23 20:56:54,2008-05-14 15:09:12
29198690010900,24495364010900,2003,53,59,52346,2,1,FF_TOTAL,SF,1,2003-10-14 00:00:00,LOFSL,1099,842.89,369.06,318.47,128.39,15.89,164.67,,,32.67,,32.67,0.76,,,,,,,,,,,,,,,,,,,2003,2018-02-23 20:56:54,2008-05-14 15:09:12
29198692010900,24495364010900,2003,53,59,52346,2,1,MIN_1,BD,1,2003-10-14 00:00:00,LOFSL,374,116.79,94.34,87.47,23.8,7.85,33.52,,47.77,5.95,0.38,6.33,0.27,5.02,4.33,30.7,314.8,663.9,5640.0,203.6,36.81,50.33,0.0,0.0,0.0,2.89,0.12,0.0,5.65,81.85,,2003,2018-02-23 20:56:54,2008-05-14 15:09:12
29198693010900,24495364010900,2003,53,59,52346,2,1,MIN_2,BD,1,2003-10-14 00:00:00,LOFSL,328,249.68,219.65,203.13,13.67,8.14,22.92,,45.36,2.61,0.33,2.94,0.15,5.44,4.8,0.0,233.3,581.4,5036.0,187.2,32.59,32.55,0.0,0.0,0.0,0.75,-0.02,1.17,0.37,87.93,,2003,2018-02-23 20:56:54,2008-05-14 15:09:12
29198691010900,24495364010900,2003,53,59,52346,4,1,FF_TOTAL,SF,1,2003-10-14 00:00:00,LOFSL,1100,963.55,421.96,360.44,128.35,17.07,167.33,,,28.2,,28.2,0.93,,,,,,,,,,,,,,,,,,,2003,2018-02-23 20:56:54,2008-05-14 15:09:12
29198707010900,24497410010900,2003,53,59,66648,2,1,FF_TOTAL,SF,1,2003-10-30 00:00:00,LOFSL,1150,127.49,53.49,50.48,138.34,5.96,152.55,,,29.83,,29.83,0.9,,,,,,,,,,,,,,,,,,,2003,2018-02-23 20:56:54,2008-05-14 15:09:12
29198710010900,24497410010900,2003,53,59,66648,2,1,MIN_1,O,1,2003-10-30 00:00:00,LOFSL,390,145.08,107.91,105.74,34.45,2.05,37.2,,2.83,3.21,0.3,3.51,0.14,5.07,4.09,12.98,46.38,51.88,269.6,94.31,3.0,13.03,0.0,0.0,0.0,0.74,0.09,0.0,4.63,20.08,,2003,2018-02-23 20:56:54,2008-05-14 15:09:12
29198711010900,24497410010900,2003,53,59,66648,2,1,MIN_2,O,1,2003-10-30 00:00:00,LOFSL,341,124.5,91.26,89.64,36.42,1.81,38.89,,2.24,3.59,0.32,3.91,0.14,4.95,4.21,0.0,31.62,74.87,308.9,89.88,3.24,23.79,0.0,0.0,0.0,0.85,-0.02,0.46,0.0,14.48,,2003,2018-02-23 20:56:54,2008-05-14 15:09:12
29198708010900,24497410010900,2003,53,59,66648,3,1,FF_TOTAL,SF,1,2003-10-30 00:00:00,LOFSL,1151,49.0,21.47,20.53,128.23,4.59,138.71,,,36.36,,36.36,2.39,,,,,,,,,,,,,,,,,,,2003,2018-02-23 20:56:54,2008-05-14 15:09:12
29198709010900,24497410010900,2003,53,59,66648,4,1,FF_TOTAL,SF,1,2003-10-30 00:00:00,LOFSL,1152,111.78,41.42,38.2,169.87,8.43,192.62,,,41.99,,41.99,2.6,,,,,,,,,,,,,,,,,,,2003,2018-02-23 20:56:54,2008-05-14 15:09:12
29198847010900,24457812010900,2003,53,65,50582,2,1,FF_TOTAL,SF,1,2003-09-19 00:00:00,LOFSL,969,173.48,107.79,102.42,60.94,5.24,69.38,,,36.87,,36.87,1.3,,,,,,,,,,,,,,,,,,,2003,2018-02-23 20:56:54,2008-05-14 15:09:12
29198849010900,24457812010900,2003,53,65,50582,4,1,FF_TOTAL,SF,1,2003-09-19 00:00:00,LOFSL,971,67.66,65.2,63.08,3.77,3.35,7.25,,,38.67,,38.67,0.72,,,,,,,,,,,,,,,,,,,2003,2018-02-23 20:56:54,2008-05-14 15:09:12
29198850010900,24457812010900,2003,53,65,50582,2,1,MIN_1,BD,1,2003-09-19 00:00:00,LOFSL,326,276.41,262.94,261.21,5.12,0.66,5.82,,0.11,0.82,0.28,1.1,0.07,6.31,5.53,0.0,44.2,71.93,793.09,1.11,4.67,3.08,0.0,0.0,0.0,0.0,0.0,0.0,4.27,80.79,,2003,2018-02-23 20:56:54,2008-05-14 15:09:12
29198851010900,24457812010900,2003,53,65,50582,2,1,MIN_2,BD,1,2003-09-19 00:00:00,LOFSL,291,272.46,268.92,268.27,1.32,0.24,1.56,,0.13,0.39,0.26,0.65,0.02,6.52,5.44,0.0,184.9,0.0,667.7,0.55,3.81,4.22,0.0,0.0,0.0,0.05,-0.02,0.0,4.5,55.82,,2003,2018-02-23 20:56:54,2008-05-14 15:09:12
29198848010900,24457812010900,2003,53,65,50582,3,1,FF_TOTAL,SF,1,2003-09-19 00:00:00,LOFSL,970,111.1,108.0,103.65,2.87,4.2,7.19,,,41.45,,41.45,0.76,,,,,,,,,,,,,,,,,,,2003,2018-02-23 20:56:54,2008-05-14 15:09:12
29198712010900,24461018010900,2003,53,71,93609,3,1,FF_TOTAL,SF,1,2003-10-08 00:00:00,LOFSL,1094,200.66,184.68,168.24,8.65,9.77,19.27,,,35.77,,35.77,1.28,,,,,,,,,,,,,,,,,,,2003,2018-02-23 20:56:54,2008-05-14 15:09:12
29198713010900,24461018010900,2003,53,71,93609,4,1,FF_TOTAL,SF,1,2003-10-08 00:00:00,LOFSL,1095,439.19,325.24,295.51,35.04,10.06,48.62,,,43.02,,43.02,0.43,,,,,,,,,,,,,,,,,,,2003,2018-02-23 20:56:54,2008-05-14 15:09:12
29198842010900,24461361010900,2003,53,73,83920,2,1,FF_TOTAL,SF,1,2003-08-23 00:00:00,LOFSL,804,138.43,113.36,106.13,22.12,6.82,30.44,,,45.5,,45.5,1.36,,,,,,,,,,,,,,,,,,,2003,2018-02-23 20:56:54,2008-05-14 15:09:12
29198845010900,24461361010900,2003,53,73,83920,2,1,MIN_1,BD,1,2003-08-23 00:00:00,LOFSL,264,239.16,215.07,209.63,11.2,2.6,14.09,,70.25,4.46,0.41,4.87,0.3,5.19,4.48,13.9,78.54,148.6,1083.0,147.8,8.53,14.01,0.0,0.29,0.0,0.36,0.11,0.99,1.42,19.11,,2003,2018-02-23 20:56:54,2008-05-14 15:09:12
29198846010900,24461361010900,2003,53,73,83920,2,1,MIN_2,BD,1,2003-08-23 00:00:00,LOFSL,231,280.78,256.2,249.32,9.59,2.76,12.62,,67.5,3.15,0.31,3.46,0.19,5.3,4.54,0.0,27.52,116.8,694.8,151.04,6.18,7.69,1.62,0.08,0.0,0.46,-0.02,0.15,4.26,27.01,,2003,2018-02-23 20:56:54,2008-05-14 15:09:12
29198843010900,24461361010900,2003,53,73,83920,3,1,FF_TOTAL,SF,1,2003-08-23 00:00:00,LOFSL,805,162.5,145.72,134.34,11.52,8.47,20.96,,,45.12,,45.12,1.24,,,,,,,,,,,,,,,,,,,2003,2018-02-23 20:56:54,2008-05-14 15:09:12
29198844010900,24461361010900,2003,53,73,83920,4,1,FF_TOTAL,SF,1,2003-08-23 00:00:00,LOFSL,806,152.78,129.8,119.98,17.7,8.19,27.34,,,43.41,,43.41,1.23,,,,,,,,,,,,,,,,,,,2003,2018-02-23 20:56:54,2008-05-14 15:09:12
29198719010900,24465872010900,2003,53,77,57339,2,1,FF_TOTAL,SF,1,2003-10-13 00:00:00,LOFSL,1104,215.15,135.13,125.76,59.22,7.45,71.08,,,45.14,,45.14,1.08,,,,,,,,,,,,,,,,,,,2003,2018-02-23 20:56:54,2008-05-14 15:09:12
29198722010900,24465872010900,2003,53,77,57339,2,1,MIN_1,O,1,2003-10-13 00:00:00,LOFSL,376,209.33,197.6,191.35,5.94,3.26,9.39,,11.29,2.73,0.31,3.04,0.13,6.18,4.97,11.42,690.3,221.1,1262.0,39.31,10.37,12.97,0.0,0.0,0.0,0.82,0.07,0.0,0.0,82.19,,2003,2018-02-23 20:56:54,2008-05-14 15:09:12
29198723010900,24465872010900,2003,53,77,57339,2,1,MIN_2,O,1,2003-10-13 00:00:00,LOFSL,329,193.56,178.65,172.07,8.35,3.83,12.49,,13.35,2.63,0.32,2.95,0.11,5.68,5.13,0.0,689.3,173.7,1442.0,20.73,10.62,18.14,0.0,0.0,0.0,0.05,-0.02,0.64,0.0,49.64,,2003,2018-02-23 20:56:54,2008-05-14 15:09:12
29198720010900,24465872010900,2003,53,77,57339,3,1,FF_TOTAL,SF,1,2003-10-13 00:00:00,LOFSL,1105,315.93,221.71,203.07,42.5,9.18,55.58,,,36.56,,36.56,1.24,,,,,,,,,,,,,,,,,,,2003,2018-02-23 20:56:54,2008-05-14 15:09:12
29198721010900,24465872010900,2003,53,77,57339,4,1,FF_TOTAL,SF,1,2003-10-13 00:00:00,LOFSL,1106,206.27,109.28,101.75,88.75,7.4,102.72,,,39.77,,39.77,1.24,,,,,,,,,,,,,,,,,,,2003,2018-02-23 20:56:54,2008-05-14 15:09:12
29198738010900,24467269010900,2003,53,77,57789,2,1,FF_TOTAL,SF,1,2003-10-09 00:00:00,LOFSL,1096,107.48,60.07,55.64,78.92,7.96,93.17,,,29.74,,29.74,1.18,,,,,,,,,,,,,,,,,,,2003,2018-02-23 20:56:54,2008-05-14 15:09:12
29198741010900,24467269010900,2003,53,77,57789,2,1,MIN_1,O,1,2003-10-09 00:00:00,LOFSL,373,193.2,179.96,175.37,7.36,2.62,10.17,,27.65,4.51,0.36,4.87,0.42,5.77,5.34,9.47,265.6,201.3,2920.0,5.05,17.0,4.66,0.0,0.0,0.0,0.48,0.12,0.0,0.04,34.32,,2003,2018-02-23 20:56:54,2008-05-14 15:09:12
29198742010900,24467269010900,2003,53,77,57789,2,1,MIN_2,O,1,2003-10-09 00:00:00,LOFSL,327,188.43,177.13,172.62,6.38,2.61,9.16,,45.53,5.0,0.4,5.4,0.41,5.83,5.21,0.0,184.7,182.4,2873.0,2.22,16.33,4.91,0.0,0.0,0.0,0.26,-0.02,0.5,0.51,26.78,,2003,2018-02-23 20:56:54,2008-05-14 15:09:12
29198739010900,24467269010900,2003,53,77,57789,3,1,FF_TOTAL,SF,1,2003-10-09 00:00:00,LOFSL,1097,381.02,294.28,264.69,29.48,11.18,43.95,,,38.35,,38.35,1.45,,,,,,,,,,,,,,,,,,,2003,2018-02-23 20:56:54,2008-05-14 15:09:12
29198740010900,24467269010900,2003,53,77,57789,4,1,FF_TOTAL,SF,1,2003-10-09 00:00:00,LOFSL,1098,198.33,100.01,93.29,98.31,7.2,112.59,,,45.17,,45.17,1.09,,,,,,,,,,,,,,,,,,,2003,2018-02-23 20:56:54,2008-05-14 15:09:12
2500704010901,25095250010900,2004,53,7,70316,3,,FF_TOTAL,SF,1,2004-06-16 00:00:00,LOFSL,89,7.62,7.46,7.22,2.14,3.2,5.41,,,36.053,,36.053,0.693,,,,,,,,,,,,,,,,,,,2004,2018-02-23 20:56:54,2008-05-14 15:09:12
2500703010901,25095250010900,2004,53,7,70316,2,,FF_TOTAL,SF,1,2004-06-16 00:00:00,LOFSL,88,78.93,77.15,75.33,2.3,2.4,4.76,,,25.88,,25.88,0.469,,,,,,,,,,,,,,,,,,,2004,2018-02-23 20:56:54,2008-05-14 15:09:12
2500632010901,25095250010900,2004,53,7,70316,2,,MIN_1,O,1,2004-06-16 00:00:00,LOFSL,29,234.89,226.17,225.76,3.85,0.17,4.04,,76.023,4.63,0.262,4.892,0.291,6.56,6.0,0.0,355.85,199.7,2095.0,4.58,13.057,6.13,0.56,0.51,0.0,0.0,0.03,0.0,0.94,83.6,45.2,2004,2018-02-23 20:56:54,2008-05-14 15:09:12
2500628010901,25095250010900,2004,53,7,70316,2,,MIN_2,O,1,2004-06-16 00:00:00,LOFSL,26,265.51,253.11,252.39,4.89,0.28,5.19,,58.895,2.86,0.226,3.086,0.116,6.54,5.93,11.01,357.58,128.0,1569.0,0.74,9.852,4.81,0.0,0.0,0.0,0.0,0.02,0.0,2.94,87.4,35.0,2004,2018-02-23 20:56:54,2008-05-14 15:09:12
2500705010901,25095250010900,2004,53,7,70316,4,,FF_TOTAL,SF,1,2004-06-16 00:00:00,LOFSL,90,887.27,787.62,740.58,12.65,6.35,19.8,,,46.404,,46.404,1.073,,,,,,,,,,,,,,,,,,,2004,2018-02-23 20:56:54,2008-05-14 15:09:12
2500680010901,24865433010900,2004,53,9,87562,2,1,MIN_1,BD,1,2004-07-01 00:00:00,LOFSL,74,176.09,135.77,131.9,29.69,2.93,33.49,,43.736,5.34,0.228,5.568,0.292,4.4,4.12,0.0,64.53,12.58,50.09,960.6,11.199,20.2,55.64,0.38,0.0,0.56,0.0,0.0,10.87,24.8,37.4,2004,2018-02-23 20:56:54,2008-05-14 15:09:12
2500719010901,24862779010900,2004,53,9,56338,2,1,FF_TOTAL,SF,1,2004-06-28 00:00:00,LOFSL,110,632.63,387.54,364.11,63.24,6.43,73.74,,,51.163,,51.163,1.284,,,,,,,,,,,,,,,,,,,2004,2018-02-23 20:56:54,2008-05-14 15:09:12
2500720010901,24862779010900,2004,53,9,56338,4,1,FF_TOTAL,SF,1,2004-06-28 00:00:00,LOFSL,111,639.38,306.6,284.58,108.53,7.73,124.67,,,45.694,,45.694,0.936,,,,,,,,,,,,,,,,,,,2004,2018-02-23 20:56:54,2008-05-14 15:09:12
2500856010901,24865433010900,2004,53,9,87562,2,1,FF_TOTAL,SF,1,2004-07-01 00:00:00,LOFSL,231,950.82,622.58,564.84,52.72,10.22,68.33,,,38.723,,38.723,1.255,,,,,,,,,,,,,,,,,,,2004,2018-02-23 20:56:54,2008-05-14 15:09:12
2500671010901,24865433010900,2004,53,9,87562,2,1,MIN_2,BD,1,2004-07-01 00:00:00,LOFSL,67,203.31,168.14,154.49,20.91,8.83,31.6,,27.032,1.85,0.115,1.965,0.073,6.07,5.27,41.67,164.58,1908.0,5386.0,42.65,43.643,16.12,0.0,0.0,0.0,0.0,0.02,0.0,4.1,8.17,11.78,2004,2018-02-23 20:56:54,2008-05-14 15:09:12
2500857010901,24865433010900,2004,53,9,87562,3,1,FF_TOTAL,SF,1,2004-07-01 00:00:00,LOFSL,232,377.47,377.47,339.37,0.0,11.22,11.22,,,41.06,,41.06,0.897,,,,,,,,,,,,,,,,,,,2004,2018-02-23 20:56:54,2008-05-14 15:09:12
2500859010901,24865433010900,2004,53,9,87562,4,1,FF_TOTAL,SF,1,2004-07-01 00:00:00,LOFSL,233,613.09,429.44,385.88,42.76,11.28,58.88,,,43.358,,43.358,0.955,,,,,,,,,,,,,,,,,,,2004,2018-02-23 20:56:54,2008-05-14 15:09:12
2501107010901,24868555010900,2004,53,13,71224,2,2,FF_TOTAL,SF,1,2004-07-22 00:00:00,LOFSL,479,1150.28,634.28,563.43,81.35,12.57,104.15,,,25.468,,25.468,0.546,,,,,,,,,,,,,,,,,,,2004,2018-02-23 20:56:54,2008-05-14 15:09:12
2500756010901,24868555010900,2004,53,13,71224,2,2,MIN_1,O,1,2004-07-22 00:00:00,LOFSL,155,158.64,114.6,110.56,38.42,3.64,43.47,,11.335,7.54,0.215,7.755,0.279,6.1,5.32,0.0,258.28,529.5,3239.0,2.42,21.204,21.29,0.02,0.0,0.0,0.21,0.04,0.0,244.5,82.1,46.2,2004,2018-02-23 20:56:54,2008-05-14 15:09:12
2500742010901,24868555010900,2004,53,13,71224,2,2,MIN_2,BD,1,2004-07-22 00:00:00,LOFSL,141,152.72,103.56,99.77,47.47,3.79,53.06,,20.221,2.76,0.149,2.909,0.166,6.16,5.43,6.38,247.59,377.6,1925.0,4.59,13.423,10.58,0.0,0.0,0.0,0.0,0.04,0.0,5.13,165.0,121.8,2004,2018-02-23 20:56:54,2008-05-14 15:09:12
2501108010901,24868555010900,2004,53,13,71224,3,2,FF_TOTAL,SF,1,2004-07-22 00:00:00,LOFSL,480,306.91,223.8,199.09,37.13,12.4,54.15,,,27.6,,27.6,0.768,,,,,,,,,,,,,,,,,,,2004,2018-02-23 20:56:54,2008-05-14 15:09:12
2500911010901,24868896010900,2004,53,15,81947,2,1,FF_TOTAL,SF,1,2004-08-23 00:00:00,LOFSL,761,207.57,107.78,101.64,92.58,6.04,104.21,,,17.261,,17.261,0.594,,,,,,,,,,,,,,,,,,,2004,2018-02-23 20:56:54,2008-05-14 15:09:12
2500940010901,24868896010900,2004,53,15,81947,2,1,MIN_1,BD,1,2004-08-23 00:00:00,LOFSL,240,172.62,109.38,105.37,57.81,3.8,63.82,,41.302,8.1,0.217,8.317,0.513,5.69,5.19,3.4,256.37,279.3,2807.0,5.95,17.04,45.03,0.0,0.0,0.0,0.0,0.07,0.0,7.46,13.4,10.72,2004,2018-02-23 20:56:54,2008-05-14 15:09:12
2500836010901,24868896010900,2004,53,15,81947,2,1,MIN_2,BD,1,2004-08-23 00:00:00,LOFSL,221,214.25,142.4,137.14,50.45,3.83,56.22,,47.482,6.35,0.207,6.557,0.423,5.59,5.02,0.0,228.71,181.9,2076.0,11.77,12.57,29.99,0.0,0.0,0.0,0.0,0.07,0.0,8.56,12.7,6.48,2004,2018-02-23 20:56:54,2008-05-14 15:09:12
2500912010901,24868896010900,2004,53,15,81947,3,1,FF_TOTAL,SF,1,2004-08-23 00:00:00,LOFSL,762,411.36,175.64,164.91,134.2,6.5,149.43,,,32.765,,32.765,1.101,,,,,,,,,,,,,,,,,,,2004,2018-02-23 20:56:54,2008-05-14 15:09:12
2500913010901,24868896010900,2004,53,15,81947,4,1,FF_TOTAL,SF,1,2004-08-23 00:00:00,LOFSL,763,299.03,127.22,118.42,135.04,7.42,152.5,,,31.219,,31.219,1.096,,,,,,,,,,,,,,,,,,,2004,2018-02-23 20:56:54,2008-05-14 15:09:12
2501059010901,24879168010900,2004,53,27,66590,2,2,FF_TOTAL,SF,1,2004-07-13 00:00:00,LOFSL,379,385.89,185.01,171.98,108.57,7.57,124.36,,,34.107,,34.107,0.816,,,,,,,,,,,,,,,,,,,2004,2018-02-23 20:56:54,2008-05-14 15:09:12
2500724010901,24879168010900,2004,53,27,66590,2,2,MIN_1,BD,1,2004-07-13 00:00:00,LOFSL,122,283.52,231.76,229.66,22.33,0.91,23.44,,65.43,9.67,0.143,9.813,0.398,4.15,3.49,27.58,38.58,391.4,1384.0,243.9,13.055,3.18,64.98,0.24,0.0,11.75,0.02,0.18,8.6,6.05,2.32,2004,2018-02-23 20:56:54,2008-05-14 15:09:12
2500721010901,24879168010900,2004,53,27,66590,2,2,MIN_2,BD,1,2004-07-13 00:00:00,LOFSL,112,285.51,234.65,230.65,21.67,1.73,23.78,,39.981,4.98,0.158,5.138,0.17,4.31,3.58,0.56,41.09,61.46,75.84,792.7,9.805,0.64,97.49,0.0,0.0,8.39,0.01,0.24,10.06,1.8,0.812,2004,2018-02-23 20:56:54,2008-05-14 15:09:12
2501060010901,24879168010900,2004,53,27,66590,3,2,FF_TOTAL,SF,1,2004-07-13 00:00:00,LOFSL,380,522.75,175.66,152.01,197.59,15.55,243.87,,,45.777,,45.777,1.159,,,,,,,,,,,,,,,,,,,2004,2018-02-23 20:56:54,2008-05-14 15:09:12
2501061010901,24879168010900,2004,53,27,66590,4,2,FF_TOTAL,SF,1,2004-07-13 00:00:00,LOFSL,381,463.47,334.18,323.39,38.68,3.33,43.31,,,12.48,,12.48,0.27,,,,,,,,,,,,,,,,,,,2004,2018-02-23 20:56:54,2008-05-14 15:09:12
2501062010901,24878094010900,2004,53,27,89874,2,2,FF_TOTAL,SF,1,2004-07-22 00:00:00,LOFSL,382,199.08,132.69,125.05,50.03,6.1,59.19,,,36.423,,36.423,1.203,,,,,,,,,,,,,,,,,,,2004,2018-02-23 20:56:54,2008-05-14 15:09:12
2500725010901,24878094010900,2004,53,27,89874,2,2,MIN_1,BD,1,2004-07-22 00:00:00,LOFSL,123,212.12,162.06,156.65,30.88,3.45,35.4,,2.182,5.03,0.256,5.286,0.394,5.37,4.65,19.66,186.98,112.0,519.5,141.2,5.647,21.45,2.73,0.09,0.0,0.0,0.04,0.2,10.32,2.83,3.02,2004,2018-02-23 20:56:54,2008-05-14 15:09:12
2500722010901,24878094010900,2004,53,27,89874,2,2,MIN_2,BD,1,2004-07-22 00:00:00,LOFSL,113,221.12,169.55,165.03,30.41,2.73,33.98,,3.559,4.49,0.26,4.75,0.352,5.22,4.49,0.0,107.39,21.88,109.9,189.1,3.105,16.77,0.0,0.0,0.0,0.0,0.01,0.17,16.43,2.12,0.446,2004,2018-02-23 20:56:54,2008-05-14 15:09:12
2501063010901,24878094010900,2004,53,27,89874,3,2,FF_TOTAL,SF,1,2004-07-22 00:00:00,LOFSL,383,131.29,91.0,86.09,44.27,5.69,52.49,,,30.769,,30.769,1.528,,,,,,,,,,,,,,,,,,,2004,2018-02-23 20:56:54,2008-05-14 15:09:12
2501064010901,24878094010900,2004,53,27,89874,4,2,FF_TOTAL,SF,1,2004-07-22 00:00:00,LOFSL,384,471.06,227.9,214.7,106.69,6.14,119.39,,,40.791,,40.791,1.999,,,,,,,,,,,,,,,,,,,2004,2018-02-23 20:56:54,2008-05-14 15:09:12
2500932010901,24883193010900,2004,53,31,53151,2,2,FF_TOTAL,SF,1,2004-07-12 00:00:00,LOFSL,237,121.88,52.5,48.19,132.15,8.92,152.88,,,33.111,,33.111,0.922,,,,,,,,,,,,,,,,,,,2004,2018-02-23 20:56:54,2008-05-14 15:09:12
2500686010901,24883193010900,2004,53,31,53151,2,2,MIN_1,BD,1,2004-07-12 00:00:00,LOFSL,76,227.24,182.5,179.16,24.51,1.86,26.83,,23.103,3.67,0.226,3.896,0.386,5.45,4.75,0.53,35.53,214.5,1245.0,94.29,9.118,128.5,0.0,0.97,0.0,1.28,0.09,0.0,4.73,1.27,2.48,2004,2018-02-23 20:56:54,2008-05-14 15:09:12
2500935010901,24883193010900,2004,53,31,53151,3,2,FF_TOTAL,SF,1,2004-07-12 00:00:00,LOFSL,238,58.27,36.37,34.36,60.21,5.83,69.56,,,34.96,,34.96,1.278,,,,,,,,,,,,,,,,,,,2004,2018-02-23 20:56:54,2008-05-14 15:09:12
2500938010901,24883193010900,2004,53,31,53151,4,2,FF_TOTAL,SF,1,2004-07-12 00:00:00,LOFSL,239,102.35,41.17,37.98,148.6,8.38,169.44,,,33.453,,33.453,0.977,,,,,,,,,,,,,,,,,,,2004,2018-02-23 20:56:54,2008-05-14 15:09:12
2501112010901,24835805010900,2004,53,33,99710,2,1,FF_TOTAL,SF,1,2004-08-02 00:00:00,LOFSL,513,2451.79,1413.4,1224.25,73.46,15.44,100.26,,,34.048,,34.048,1.064,,,,,,,,,,,,,,,,,,,2004,2018-02-23 20:56:54,2008-05-14 15:09:12
2500770010901,24835805010900,2004,53,33,99710,2,1,MIN_1,BD,1,2004-08-02 00:00:00,LOFSL,166,201.28,159.09,155.1,26.51,2.56,29.76,,20.867,6.15,0.153,6.303,0.282,4.84,4.25,0.0,41.88,29.15,273.5,191.4,3.839,9.53,44.04,0.01,0.0,0.42,0.05,0.02,7.09,12.0,18.3,2004,2018-02-23 20:56:54,2008-05-14 15:09:12
2500747010901,24835805010900,2004,53,33,99710,2,1,MIN_2,BD,1,2004-08-02 00:00:00,LOFSL,150,197.81,157.0,153.25,25.99,2.44,29.07,,20.335,5.57,0.157,5.727,0.217,5.07,4.45,0.0,30.83,11.65,103.3,191.2,2.816,5.35,9.11,0.0,0.0,0.0,0.05,0.0,8.01,8.76,13.12,2004,2018-02-23 20:56:54,2008-05-14 15:09:12
2501113010901,24835805010900,2004,53,33,99710,3,1,FF_TOTAL,SF,1,2004-08-02 00:00:00,LOFSL,514,1538.77,1162.9,1080.28,32.32,7.64,42.44,,,25.583,,25.583,0.689,,,,,,,,,,,,,,,,,,,2004,2018-02-23 20:56:54,2008-05-14 15:09:12
2501114010901,24835805010900,2004,53,33,99710,4,1,FF_TOTAL,SF,1,2004-08-02 00:00:00,LOFSL,515,801.51,535.15,475.75,49.77,12.48,68.47,,,28.152,,28.152,0.993,,,,,,,,,,,,,,,,,,,2004,2018-02-23 20:56:54,2008-05-14 15:09:12
2501200010901,24839927010900,2004,53,37,94087,2,2,FF_TOTAL,SF,1,2004-08-18 00:00:00,LOFSL,843,204.35,201.99,189.08,1.16,6.82,8.07,,,34.451,,34.451,0.773,,,,,,,,,,,,,,,,,,,2004,2018-02-23 20:56:54,2008-05-14 15:09:12
2500965010901,24839927010900,2004,53,37,94087,2,2,MIN_1,O,1,2004-08-18 00:00:00,LOFSL,266,266.01,258.63,252.04,2.85,2.61,5.54,,40.543,3.12,0.166,3.286,0.146,5.63,5.0,0.0,262.67,255.2,2431.0,10.03,15.012,41.22,0.0,0.0,0.0,0.0,0.06,0.0,0.0,53.0,48.6,2004,2018-02-23 20:56:54,2008-05-14 15:09:12
2501201010901,24839927010900,2004,53,37,94087,3,2,FF_TOTAL,SF,1,2004-08-18 00:00:00,LOFSL,844,103.61,102.62,97.88,0.96,4.83,5.85,,,32.999,,32.999,0.783,,,,,,,,,,,,,,,,,,,2004,2018-02-23 20:56:54,2008-05-14 15:09:12
2501202010901,24839927010900,2004,53,37,94087,4,2,FF_TOTAL,SF,1,2004-08-18 00:00:00,LOFSL,845,54.02,53.43,51.38,1.1,3.98,5.13,,,35.05,,35.05,0.655,,,,,,,,,,,,,,,,,,,2004,2018-02-23 20:56:54,2008-05-14 15:09:12
2500868010901,24845887010900,2004,53,41,56670,3,1,FF_TOTAL,SF,1,2004-08-12 00:00:00,LOFSL,681,97.4,83.0,79.79,17.34,4.01,22.06,,,28.701,,28.701,1.033,,,,,,,,,,,,,,,,,,,2004,2018-02-23 20:56:54,2008-05-14 15:09:12
2500869010901,24845887010900,2004,53,41,56670,4,1,FF_TOTAL,SF,1,2004-08-12 00:00:00,LOFSL,682,86.29,83.96,80.27,2.77,4.59,7.49,,,35.581,,35.581,1.075,,,,,,,,,,,,,,,,,,,2004,2018-02-23 20:56:54,2008-05-14 15:09:12
2501165010901,24843607010900,2004,53,41,94708,2,1,FF_TOTAL,SF,1,2004-08-10 00:00:00,LOFSL,665,264.93,172.31,151.23,53.75,13.93,75.17,,,36.059,,36.059,0.705,,,,,,,,,,,,,,,,,,,2004,2018-02-23 20:56:54,2008-05-14 15:09:12
2500827010901,24843607010900,2004,53,41,94708,2,1,MIN_1,O,1,2004-08-10 00:00:00,LOFSL,216,190.42,162.27,156.77,17.34,3.5,21.46,,15.295,7.03,0.22,7.25,0.178,5.05,4.35,11.31,181.77,342.7,1773.0,67.37,12.928,75.57,0.0,0.0,0.0,2.47,0.03,0.0,4.32,23.1,21.2,2004,2018-02-23 20:56:54,2008-05-14 15:09:12
2500807010901,24843607010900,2004,53,41,94708,2,1,MIN_2,O,1,2004-08-10 00:00:00,LOFSL,198,218.15,192.54,186.02,13.3,3.5,17.27,,12.369,4.28,0.185,4.465,0.15,5.34,4.54,0.0,139.41,322.2,1755.0,66.39,12.501,52.14,0.0,0.0,0.0,1.23,0.02,0.0,4.24,15.2,10.1,2004,2018-02-23 20:56:54,2008-05-14 15:09:12
2501166010901,24843607010900,2004,53,41,94708,3,1,FF_TOTAL,SF,1,2004-08-10 00:00:00,LOFSL,666,180.46,131.32,118.02,37.42,11.26,52.89,,,27.211,,27.211,1.138,,,,,,,,,,,,,,,,,,,2004,2018-02-23 20:56:54,2008-05-14 15:09:12
2501167010901,24843607010900,2004,53,41,94708,4,1,FF_TOTAL,SF,1,2004-08-10 00:00:00,LOFSL,667,499.61,375.7,321.27,32.98,16.94,55.5,,,20.699,,20.699,0.905,,,,,,,,,,,,,,,,,,,2004,2018-02-23 20:56:54,2008-05-14 15:09:12
2500914010901,24848431010900,2004,53,41,98812,3,1,FF_TOTAL,SF,1,2004-08-20 00:00:00,LOFSL,764,964.76,581.58,515.14,65.88,12.89,87.27,,,50.559,,50.559,0.875,,,,,,,,,,,,,,,,,,,2004,2018-02-23 20:56:54,2008-05-14 15:09:12
2500915010901,24848431010900,2004,53,41,98812,4,1,FF_TOTAL,SF,1,2004-08-20 00:00:00,LOFSL,765,218.6,160.54,147.34,36.16,8.95,48.35,,,41.349,,41.349,1.086,,,,,,,,,,,,,,,,,,,2004,2018-02-23 20:56:54,2008-05-14 15:09:12
2500716010901,24849921010900,2004,53,45,97186,2,1,FF_TOTAL,SF,1,2004-06-23 00:00:00,LOFSL,107,376.29,236.7,222.07,58.97,6.58,69.44,,,43.051,,43.051,1.06,,,,,,,,,,,,,,,,,,,2004,2018-02-23 20:56:54,2008-05-14 15:09:12
2500641010901,24849921010900,2004,53,45,97186,2,1,MIN_1,BD,1,2004-06-23 00:00:00,LOFSL,35,181.88,162.08,159.7,12.21,1.48,13.88,,53.892,5.75,0.15,5.9,0.131,5.03,4.51,0.0,73.25,71.56,513.0,81.34,4.24,54.87,3.1,0.65,0.0,0.35,0.0,0.0,4.07,10.6,11.86,2004,2018-02-23 20:56:54,2008-05-14 15:09:12
2500636010901,24849921010900,2004,53,45,97186,2,1,MIN_2,BD,1,2004-06-24 00:00:00,LOFSL,31,286.37,267.78,263.91,6.94,1.46,8.5,,69.676,1.93,0.112,2.042,0.057,5.36,4.72,0.0,25.18,27.62,174.7,76.04,2.008,2.76,0.0,0.0,0.0,0.0,0.01,0.0,7.92,8.92,3.7,2004,2018-02-23 20:56:54,2008-05-14 15:09:12
2500717010901,24849921010900,2004,53,45,97186,3,1,FF_TOTAL,SF,1,2004-06-24 00:00:00,LOFSL,108,163.67,126.08,119.28,29.81,5.7,37.21,,,34.797,,34.797,0.867,,,,,,,,,,,,,,,,,,,2004,2018-02-23 20:56:54,2008-05-14 15:09:12
2500718010901,24849921010900,2004,53,45,97186,4,1,FF_TOTAL,SF,1,2004-06-24 00:00:00,LOFSL,109,522.6,329.89,307.13,58.41,7.4,70.15,,,41.182,,41.182,1.106,,,,,,,,,,,,,,,,,,,2004,2018-02-23 20:56:54,2008-05-14 15:09:12
2500708010901,24853023010900,2004,53,47,51361,2,,FF_TOTAL,SF,1,2004-06-23 00:00:00,LOFSL,93,335.43,324.89,308.22,3.24,5.4,8.82,,,44.561,,44.561,1.137,,,,,,,,,,,,,,,,,,,2004,2018-02-23 20:56:54,2008-05-14 15:09:12
2500634010901,24853023010900,2004,53,47,51361,2,,MIN_1,O,1,2004-06-23 00:00:00,LOFSL,30,133.31,128.87,127.29,3.44,1.23,4.72,,11.555,2.38,0.143,2.523,0.11,6.25,5.6,0.0,114.45,77.03,1101.0,5.74,6.484,11.63,0.16,0.5,0.0,0.0,0.05,0.0,0.27,270.0,31.2,2004,2018-02-23 20:56:54,2008-05-14 15:09:12
2500630010901,24853023010900,2004,53,47,51361,2,,MIN_2,O,1,2004-06-23 00:00:00,LOFSL,27,206.79,201.47,200.65,2.64,0.4,3.05,,28.971,0.95,0.088,1.038,0.037,6.32,5.65,23.78,118.78,32.88,550.4,3.87,3.467,6.88,0.0,0.0,0.0,0.0,0.01,0.04,2.54,264.0,31.6,2004,2018-02-23 20:56:54,2008-05-14 15:09:12
2500709010901,24853023010900,2004,53,47,51361,3,,FF_TOTAL,SF,1,2004-06-23 00:00:00,LOFSL,94,176.98,171.89,163.94,2.96,4.84,7.95,,,47.974,,47.974,0.933,,,,,,,,,,,,,,,,,,,2004,2018-02-23 20:56:54,2008-05-14 15:09:12
2500710010901,24853023010900,2004,53,47,51361,4,,FF_TOTAL,SF,1,2004-06-23 00:00:00,LOFSL,95,178.57,177.91,170.51,0.37,4.33,4.72,,,48.924,,48.924,0.856,,,,,,,,,,,,,,,,,,,2004,2018-02-23 20:56:54,2008-05-14 15:09:12
2500818010901,24856948010900,2004,53,47,76282,3,2,FF_TOTAL,SF,1,2004-06-28 00:00:00,LOFSL,212,357.91,185.75,160.95,92.68,15.4,122.36,,,45.431,,45.431,1.252,,,,,,,,,,,,,,,,,,,2004,2018-02-23 20:56:54,2008-05-14 15:09:12
2500820010901,24856948010900,2004,53,47,76282,4,2,FF_TOTAL,SF,1,2004-06-28 00:00:00,LOFSL,213,676.37,566.54,527.25,19.38,7.45,28.28,,,49.424,,49.424,0.975,,,,,,,,,,,,,,,,,,,2004,2018-02-23 20:56:54,2008-05-14 15:09:12
2501168010901,24859445010900,2004,53,49,82009,2,1,FF_TOTAL,SF,1,2004-08-13 00:00:00,LOFSL,668,266.65,199.77,175.08,33.47,14.09,52.29,,,32.406,,32.406,1.013,,,,,,,,,,,,,,,,,,,2004,2018-02-23 20:56:54,2008-05-14 15:09:12
2500829010901,24859445010900,2004,53,49,82009,2,1,MIN_1,O,1,2004-08-13 00:00:00,LOFSL,217,145.79,110.9,104.55,31.46,6.07,39.44,,6.958,7.18,0.229,7.409,0.417,5.69,4.98,19.4,186.77,172.3,1560.0,35.16,10.154,34.78,0.0,0.0,0.0,0.32,0.08,0.13,9.54,5.22,11.38,2004,2018-02-23 20:56:54,2008-05-14 15:09:12
2500808010901,24859445010900,2004,53,49,82009,2,1,MIN_2,O,1,2004-08-13 00:00:00,LOFSL,199,174.13,136.16,128.98,27.88,5.56,35.0,,3.542,3.48,0.17,3.65,0.193,5.59,4.73,0.0,112.41,30.46,245.5,103.5,2.913,13.61,0.0,0.0,0.0,0.0,0.01,0.0,12.14,3.76,2.28,2004,2018-02-23 20:56:54,2008-05-14 15:09:12
2501169010901,24859445010900,2004,53,49,82009,3,1,FF_TOTAL,SF,1,2004-08-13 00:00:00,LOFSL,669,326.37,129.33,118.73,152.35,8.92,174.87,,,48.503,,48.503,1.348,,,,,,,,,,,,,,,,,,,2004,2018-02-23 20:56:54,2008-05-14 15:09:12
2501170010901,24859445010900,2004,53,49,82009,4,1,FF_TOTAL,SF,1,2004-08-13 00:00:00,LOFSL,670,238.6,192.94,173.47,23.66,11.22,37.54,,,21.279,,21.279,0.659,,,,,,,,,,,,,,,,,,,2004,2018-02-23 20:56:54,2008-05-14 15:09:12
2501105010901,25064991010900,2004,53,51,64522,2,2,FF_TOTAL,SF,1,2004-07-16 00:00:00,LOFSL,477,11.72,10.16,9.52,15.35,6.71,23.1,,,45.866,,45.866,1.264,,,,,,,,,,,,,,,,,,,2004,2018-02-23 20:56:54,2008-05-14 15:09:12
2500754010901,25064991010900,2004,53,51,64522,2,2,MIN_1,O,1,2004-07-16 00:00:00,LOFSL,154,210.54,136.4,130.28,54.35,4.69,61.6,,7.766,6.68,0.266,6.946,0.554,5.93,5.56,0.0,109.18,564.5,4214.0,1.13,25.962,20.1,0.0,0.0,0.0,0.0,0.09,0.0,19.1,6.29,10.2,2004,2018-02-23 20:56:54,2008-05-14 15:09:12
2501106010901,25064991010900,2004,53,51,64522,3,2,FF_TOTAL,SF,1,2004-07-16 00:00:00,LOFSL,478,965.38,419.62,381.82,130.06,9.89,152.83,,,41.197,,41.197,0.924,,,,,,,,,,,,,,,,,,,2004,2018-02-23 20:56:54,2008-05-14 15:09:12
2501153010901,25071903010900,2004,53,59,53877,2,1,FF_TOTAL,SF,1,2004-08-02 00:00:00,LOFSL,653,420.69,333.91,293.78,25.98,13.65,43.19,,,42.529,,42.529,1.019,,,,,,,,,,,,,,,,,,,2004,2018-02-23 20:56:54,2008-05-14 15:09:12
2500817010901,25071903010900,2004,53,59,53877,2,1,MIN_1,BD,1,2004-08-02 00:00:00,LOFSL,212,133.75,120.28,116.34,11.19,3.38,14.95,,38.572,6.55,0.257,6.807,0.244,5.45,4.65,3.97,139.87,30.0,204.3,103.7,2.794,18.27,0.0,0.0,0.0,0.0,0.03,0.0,13.26,9.16,15.34,2004,2018-02-23 20:56:54,2008-05-14 15:09:12
2500797010901,25071903010900,2004,53,59,53877,2,1,MIN_2,BD,1,2004-08-02 00:00:00,LOFSL,194,66.85,58.03,54.81,15.19,5.85,21.94,,51.604,14.9,0.229,15.129,0.486,,,0.0,253.41,30.35,279.6,367.3,6.377,48.24,33.81,0.0,0.0,2.64,0.06,1.84,14.56,23.9,10.4,2004,2018-02-23 20:56:54,2008-05-14 15:09:12
2501154010901,25071903010900,2004,53,59,53877,3,1,FF_TOTAL,SF,1,2004-08-02 00:00:00,LOFSL,654,541.19,407.12,360.87,32.93,12.81,49.96,,,35.056,,35.056,0.901,,,,,,,,,,,,,,,,,,,2004,2018-02-23 20:56:54,2008-05-14 15:09:12
2501155010901,25071903010900,2004,53,59,53877,4,1,FF_TOTAL,SF,1,2004-08-02 00:00:00,LOFSL,655,399.18,210.71,195.02,89.44,8.04,104.67,,,37.209,,37.209,0.724,,,,,,,,,,,,,,,,,,,2004,2018-02-23 20:56:54,2008-05-14 15:09:12
2501213010901,25079127010900,2004,53,61,99672,2,1,FF_TOTAL,SF,1,2004-09-10 00:00:00,LOFSL,936,6866.92,2797.53,2272.87,145.46,23.08,202.12,,,41.114,,41.114,1.268,,,,,,,,,,,,,,,,,,,2004,2018-02-23 20:56:54,2008-05-14 15:09:12
2500985010901,25079127010900,2004,53,61,99672,2,1,MIN_1,O,1,2004-09-10 00:00:00,LOFSL,294,696.98,457.98,448.42,52.18,2.13,55.42,,19.428,1.29,0.204,1.494,0.087,5.85,5.11,0.0,4.01,167.4,2164.0,2.41,12.212,10.43,0.0,0.0,0.0,0.0,0.05,0.0,0.0,3.51,2.92,2004,2018-02-23 20:56:54,2008-05-14 15:09:12
2500967010901,25079127010900,2004,53,61,99672,2,1,MIN_2,O,1,2004-09-10 00:00:00,LOFSL,267,1059.21,857.7,849.69,23.49,0.94,24.65,,74.452,0.529,0.203,0.732,0.041,5.87,5.14,0.0,10.46,111.5,1584.0,3.36,8.885,6.67,0.0,0.0,0.0,0.0,0.01,0.0,3.32,5.02,66.8,2004,2018-02-23 20:56:54,2008-05-14 15:09:12
2501214010901,25079127010900,2004,53,61,99672,3,1,FF_TOTAL,SF,1,2004-09-10 00:00:00,LOFSL,937,4664.46,1667.72,1346.16,179.69,23.88,246.5,,,49.671,,49.671,1.034,,,,,,,,,,,,,,,,,,,2004,2018-02-23 20:56:54,2008-05-14 15:09:12
2501215010901,25079127010900,2004,53,61,99672,4,1,FF_TOTAL,SF,1,2004-09-10 00:00:00,LOFSL,938,2456.15,1057.98,920.51,132.15,14.93,166.82,,,30.586,,30.586,0.997,,,,,,,,,,,,,,,,,,,2004,2018-02-23 20:56:54,2008-05-14 15:09:12
2501109010901,25081874010900,2004,53,65,87010,2,2,FF_TOTAL,SF,1,2004-07-20 00:00:00,LOFSL,481,483.7,341.89,302.6,41.47,12.98,59.84,,,35.154,,35.154,1.301,,,,,,,,,,,,,,,,,,,2004,2018-02-23 20:56:54,2008-05-14 15:09:12
2500759010901,25081874010900,2004,53,65,87010,2,2,MIN_1,O,1,2004-07-20 00:00:00,LOFSL,156,167.9,153.52,148.39,9.36,3.45,13.14,,57.557,7.06,0.254,7.314,0.439,6.52,6.01,0.0,327.08,230.5,4121.0,0.13,23.297,13.67,0.53,0.0,0.0,0.0,0.08,0.0,10.52,101.0,39.4,2004,2018-02-23 20:56:54,2008-05-14 15:09:12
2501110010901,25081874010900,2004,53,65,87010,3,2,FF_TOTAL,SF,1,2004-07-20 00:00:00,LOFSL,482,206.98,193.89,178.63,6.75,8.53,15.86,,,30.753,,30.753,1.21,,,,,,,,,,,,,,,,,,,2004,2018-02-23 20:56:54,2008-05-14 15:09:12
2501111010901,25081874010900,2004,53,65,87010,4,2,FF_TOTAL,SF,1,2004-07-20 00:00:00,LOFSL,483,571.61,272.69,247.74,109.61,10.06,130.72,,,45.135,,45.135,1.169,,,,,,,,,,,,,,,,,,,2004,2018-02-23 20:56:54,2008-05-14 15:09:12
2501099010901,24833448010900,2004,53,77,86731,2,2,FF_TOTAL,SF,1,2004-07-29 00:00:00,LOFSL,471,140.82,140.82,131.61,0.0,6.99,6.99,,,35.202,,35.202,0.925,,,,,,,,,,,,,,,,,,,2004,2018-02-23 20:56:54,2008-05-14 15:09:12
2500749010901,24833448010900,2004,53,77,86731,2,2,MIN_1,O,1,2004-07-29 00:00:00,LOFSL,152,179.88,171.84,167.67,4.67,2.48,7.27,,22.751,1.31,0.122,1.432,0.082,6.36,5.64,0.0,783.88,236.6,1288.0,0.0,10.377,14.76,0.0,0.0,0.0,0.12,0.0,0.09,9.12,38.0,24.0,2004,2018-02-23 20:56:54,2008-05-14 15:09:12
2501100010901,24833448010900,2004,53,77,86731,3,2,FF_TOTAL,SF,1,2004-07-29 00:00:00,LOFSL,472,84.12,82.77,79.4,1.63,4.23,5.93,,,16.052,,16.052,0.51,,,,,,,,,,,,,,,,,,,2004,2018-02-23 20:56:54,2008-05-14 15:09:12
2501101010901,24833448010900,2004,53,77,86731,4,2,FF_TOTAL,SF,1,2004-07-29 00:00:00,LOFSL,473,220.61,208.12,191.74,6.0,8.54,15.05,,,41.044,,41.044,1.288,,,,,,,,,,,,,,,,,,,2004,2018-02-23 20:56:54,2008-05-14 15:09:12
2501628010901,12965856010497,2005,53,7,61096,2,1,FF_TOTAL,SF,1,2005-06-15 00:00:00,LOFSL,201,440.68,259.56,241.91,69.77,7.3,82.16,,,34.375,,34.375,1.134,,,,,,,,,,,,,,,,,,,2005,2018-02-23 20:56:54,2008-05-14 15:09:11
2501631010901,12965856010497,2005,53,7,61096,2,1,MIN_1,BD,1,2005-06-15 00:00:00,LOFSL,61,233.27,202.6,198.58,15.13,2.02,17.46,,15.49,2.95,0.182,3.132,0.149,5.46,4.97,0.0,142.4,328.4,1574.0,0.49,10.924,17.71,0.8,0.1,0.0,0.0,0.03,0.19,0.0,42.9,54.8,2005,2018-02-23 20:56:54,2008-05-14 15:09:11
2501632010901,12965856010497,2005,53,7,61096,2,1,MIN_2,O,1,2005-06-15 00:00:00,LOFSL,60,246.05,219.38,215.83,12.15,1.64,14.0,,42.907,1.75,0.167,1.917,0.09,5.56,4.93,0.0,103.1,277.3,1321.0,0.86,9.145,13.98,1.15,0.28,0.0,0.0,0.02,-0.04,0.0,40.8,24.8,2005,2018-02-23 20:56:54,2008-05-14 15:09:11
2501629010901,12965856010497,2005,53,7,61096,3,1,FF_TOTAL,SF,1,2005-06-15 00:00:00,LOFSL,202,141.16,129.95,124.11,8.62,4.7,13.72,,,21.276,,21.276,0.816,,,,,,,,,,,,,,,,,,,2005,2018-02-23 20:56:54,2008-05-14 15:09:11
2501630010901,12965856010497,2005,53,7,61096,4,1,FF_TOTAL,SF,1,2005-06-15 00:00:00,LOFSL,203,371.04,351.59,322.68,5.53,8.96,14.98,,,46.358,,46.358,1.326,,,,,,,,,,,,,,,,,,,2005,2018-02-23 20:56:54,2008-05-14 15:09:11
2502123010901,12974055010497,2005,53,9,60222,3,1,FF_TOTAL,SF,1,2005-07-19 00:00:00,LOFSL,471,101.78,79.48,75.05,28.05,5.9,35.61,,,29.468,,29.468,1.248,,,,,,,,,,,,,,,,,,,2005,2018-02-23 20:56:54,2008-05-14 15:09:11
2502124010901,12974055010497,2005,53,9,60222,4,1,FF_TOTAL,SF,1,2005-07-19 00:00:00,LOFSL,472,67.86,50.95,48.41,33.18,5.25,40.17,,,35.062,,35.062,0.952,,,,,,,,,,,,,,,,,,,2005,2018-02-23 20:56:54,2008-05-14 15:09:11
2501610010901,12978314010497,2005,53,15,64811,2,1,FF_TOTAL,SF,1,2005-06-24 00:00:00,LOFSL,215,408.48,172.78,162.71,136.41,6.19,151.04,,,27.378,,27.378,0.985,,,,,,,,,,,,,,,,,,,2005,2018-02-23 20:56:54,2008-05-14 15:09:11
2501613010901,12978314010497,2005,53,15,64811,2,1,MIN_1,BD,1,2005-06-24 00:00:00,LOFSL,64,111.58,88.18,87.55,26.53,0.71,27.43,,1.755,1.3,0.082,1.382,0.068,5.23,4.74,0.0,93.11,100.8,407.7,18.19,3.303,9.46,9.0,0.06,0.0,0.0,0.08,0.0,8.9,13.3,14.6,2005,2018-02-23 20:56:54,2008-05-14 15:09:11
2501614010901,12978314010497,2005,53,15,64811,2,1,MIN_2,BD,1,2005-06-24 00:00:00,LOFSL,63,162.89,132.38,125.65,23.04,5.35,29.62,,41.907,2.45,0.107,2.557,0.081,5.09,4.47,5.65,281.5,456.0,1227.0,50.42,11.177,34.64,1.47,0.32,0.0,4.25,0.09,0.47,6.42,45.8,10.58,2005,2018-02-23 20:56:54,2008-05-14 15:09:11
2501611010901,12978314010497,2005,53,15,64811,3,1,FF_TOTAL,SF,1,2005-06-24 00:00:00,LOFSL,216,491.59,227.4,214.38,116.17,6.07,129.29,,,25.245,,25.245,0.889,,,,,,,,,,,,,,,,,,,2005,2018-02-23 20:56:54,2008-05-14 15:09:11
2501612010901,12978314010497,2005,53,15,64811,4,1,FF_TOTAL,SF,1,2005-06-24 00:00:00,LOFSL,217,417.17,154.74,146.16,169.59,5.87,185.41,,,29.9,,29.9,0.93,,,,,,,,,,,,,,,,,,,2005,2018-02-23 20:56:54,2008-05-14 15:09:11
2501681010901,12983238010497,2005,53,19,61313,2,1,FF_TOTAL,SF,1,2005-07-12 00:00:00,LOFSL,347,912.13,306.47,277.65,197.62,10.38,228.5,,,44.336,,44.336,0.863,,,,,,,,,,,,,,,,,,,2005,2018-02-23 20:56:54,2008-05-14 15:09:11
2501684010901,12983238010497,2005,53,19,61313,2,1,MIN_1,BD,1,2005-07-12 00:00:00,LOFSL,106,225.9,199.97,196.94,12.96,1.54,14.7,,32.094,1.09,0.123,1.213,0.039,5.37,4.77,0.46,62.39,9.28,209.7,41.14,1.741,11.24,2.81,-0.01,0.0,0.0,0.0,0.14,0.0,630.0,73.2,2005,2018-02-23 20:56:54,2008-05-14 15:09:11
2501685010901,12983238010497,2005,53,19,61313,2,1,MIN_2,BD,1,2005-07-12 00:00:00,LOFSL,105,190.77,168.42,166.41,13.27,1.21,14.63,,31.161,1.28,0.131,1.411,0.047,5.16,4.6,0.0,38.92,0.0,130.7,53.06,1.341,22.5,2.29,0.0,0.0,0.1,0.08,-0.01,0.0,561.0,97.0,2005,2018-02-23 20:56:54,2008-05-14 15:09:11
2501682010901,12983238010497,2005,53,19,61313,3,1,FF_TOTAL,SF,1,2005-07-12 00:00:00,LOFSL,348,1272.61,373.55,327.29,240.67,14.13,288.82,,,37.093,,37.093,1.221,,,,,,,,,,,,,,,,,,,2005,2018-02-23 20:56:54,2008-05-14 15:09:11
2501683010901,12983238010497,2005,53,19,61313,4,1,FF_TOTAL,SF,1,2005-07-12 00:00:00,LOFSL,349,726.54,273.99,250.67,165.17,9.3,189.82,,,36.99,,36.99,1.319,,,,,,,,,,,,,,,,,,,2005,2018-02-23 20:56:54,2008-05-14 15:09:11
2501659010901,13044806010497,2005,53,31,74807,3,1,L_ORG,SF,1,2005-07-28 00:00:00,LOFSL,469,411.5,202.72,188.4,102.98,7.6,118.41,,,44.97,,44.97,1.037,,,,,,,,,,,,,,,,,,,2005,2018-02-23 20:56:54,2008-05-14 15:09:12
2501658010901,13044806010497,2005,53,31,74807,2,1,L_ORG,SF,1,2005-07-28 00:00:00,LOFSL,468,179.63,65.37,61.09,174.78,6.99,194.0,,,45.05,,45.05,0.862,,,,,,,,,,,,,,,,,,,2005,2018-02-23 20:56:54,2008-05-14 15:09:12
2501661010901,13044806010497,2005,53,31,74807,2,1,ORG_1,BD,1,2005-07-28 00:00:00,LOFSL,142,128.47,42.62,40.0,201.43,6.54,221.15,,71.794,27.4,0.302,27.702,1.221,,,38.16,156.9,356.9,1479.0,594.8,17.496,122.3,232.0,0.49,0.0,6.36,0.07,1.33,73.48,,33.2,2005,2018-02-23 20:56:54,2008-05-14 15:09:12
2501662010901,13044806010497,2005,53,31,74807,2,1,ORG_2,BD,1,2005-07-28 00:00:00,LOFSL,139,174.31,64.45,61.07,170.45,5.52,185.39,,55.962,21.6,0.246,21.846,1.069,3.57,3.26,14.72,86.3,270.1,390.5,908.4,14.555,20.35,287.9,0.97,0.0,3.34,0.1,1.21,82.74,,22.6,2005,2018-02-23 20:56:54,2008-05-14 15:09:12
2501660010901,13044806010497,2005,53,31,74807,4,1,L_ORG,SF,1,2005-07-28 00:00:00,LOFSL,470,624.27,374.89,347.14,66.52,7.99,79.82,,,46.159,,46.159,1.417,,,,,,,,,,,,,,,,,,,2005,2018-02-23 20:56:54,2008-05-14 15:09:12
2501621010901,13209264010497,2005,53,49,67517,2,1,FF_TOTAL,SF,1,2005-06-17 00:00:00,LOFSL,209,997.07,388.45,352.96,156.67,10.05,182.48,,,28.88,,28.88,1.473,,,,,,,,,,,,,,,,,,,2005,2018-02-23 20:56:54,2008-05-14 15:09:12
2501639010901,13040100010497,2005,53,53,89982,3,1,FF_TOTAL,SF,1,2005-06-06 00:00:00,LOFSL,86,1539.64,391.15,364.26,293.61,7.38,322.67,,,48.012,,48.012,0.859,,,,,,,,,,,,,,,,,,,2005,2018-02-23 20:56:54,2008-05-14 15:09:12
2501640010901,13040100010497,2005,53,53,89982,4,2,FF_TOTAL,SF,1,2005-06-06 00:00:00,LOFSL,87,991.91,345.87,326.21,186.78,6.02,204.06,,,32.904,,32.904,0.868,,,,,,,,,,,,,,,,,,,2005,2018-02-23 20:56:54,2008-05-14 15:09:12
2501668010901,13015137010497,2005,53,65,75924,2,2,FF_TOTAL,SF,1,2005-07-18 00:00:00,LOFSL,475,915.74,669.03,610.67,36.87,9.56,49.95,,,20.967,,20.967,0.541,,,,,,,,,,,,,,,,,,,2005,2018-02-23 20:56:54,2008-05-14 15:09:12
2501670010901,13015137010497,2005,53,65,75924,2,2,MIN_1,O,1,2005-07-18 00:00:00,LOFSL,144,200.73,170.63,167.45,17.64,1.9,19.86,,38.486,3.77,0.179,3.949,0.185,5.17,4.58,14.0,178.9,53.32,394.6,149.0,4.582,27.36,2.24,0.03,0.0,0.0,0.08,0.0,8.84,19.0,6.42,2005,2018-02-23 20:56:54,2008-05-14 15:09:12
2501671010901,13015137010497,2005,53,65,75924,2,2,MIN_2,BD,1,2005-07-18 00:00:00,LOFSL,141,184.27,151.19,149.11,21.87,1.39,23.57,,28.044,3.75,0.182,3.932,0.274,5.04,4.45,17.19,61.33,28.68,364.7,151.4,3.97,25.89,1.19,0.0,0.0,0.0,0.05,0.07,6.1,20.7,8.14,2005,2018-02-23 20:56:54,2008-05-14 15:09:12
2501669010901,13015137010497,2005,53,65,75924,4,2,FF_TOTAL,SF,1,2005-07-18 00:00:00,LOFSL,476,322.03,199.19,182.36,61.66,9.23,76.58,,,46.72,,46.72,1.812,,,,,,,,,,,,,,,,,,,2005,2018-02-23 20:56:54,2008-05-14 15:09:12
2501665010901,13013511010497,2005,53,65,97053,2,2,FF_TOTAL,SF,1,2005-07-20 00:00:00,LOFSL,480,102.46,97.94,94.47,4.61,3.66,8.44,,,27.235,,27.235,0.906,,,,,,,,,,,,,,,,,,,2005,2018-02-23 20:56:54,2008-05-14 15:09:12
2501666010901,13013511010497,2005,53,65,97053,3,2,FF_TOTAL,SF,1,2005-07-20 00:00:00,LOFSL,481,71.41,69.85,68.18,2.23,2.44,4.72,,,13.84,,13.84,0.578,,,,,,,,,,,,,,,,,,,2005,2018-02-23 20:56:54,2008-05-14 15:09:12
2501667010901,13013511010497,2005,53,65,97053,4,2,FF_TOTAL,SF,1,2005-07-20 00:00:00,LOFSL,482,53.53,46.64,43.51,14.77,7.17,23.0,,,27.37,,27.37,0.907,,,,,,,,,,,,,,,,,,,2005,2018-02-23 20:56:54,2008-05-14 15:09:12
2501650010901,12986466010497,2005,53,67,69634,2,2,FF_TOTAL,SF,1,2005-06-07 00:00:00,LOFSL,85,555.58,203.5,188.73,173.01,7.83,194.37,,,39.796,,39.796,1.417,,,,,,,,,,,,,,,,,,,2005,2018-02-23 20:56:54,2008-05-14 15:09:12
2501651010901,12986466010497,2005,53,67,69634,2,1,MIN_1,BD,1,2005-06-07 00:00:00,LOFSL,24,126.21,71.48,69.3,76.56,3.14,82.1,,19.2,10.8,0.177,10.977,0.47,4.81,4.48,48.95,196.1,164.1,715.6,515.9,11.371,86.16,39.14,1.03,0.11,3.59,0.14,0.67,37.03,6.3,7.2,2005,2018-02-23 20:56:54,2008-05-14 15:09:12
2501652010901,12986466010497,2005,53,67,69634,2,1,MIN_2,BD,1,2005-06-07 00:00:00,LOFSL,23,168.69,102.71,100.35,64.23,2.35,68.09,,42.498,8.25,0.153,8.403,0.347,4.82,4.37,2.0,164.3,112.2,543.7,371.4,8.194,39.04,26.16,0.67,0.32,0.6,0.08,0.06,23.87,3.5,1.164,2005,2018-02-23 20:56:54,2008-05-14 15:09:12
2501648010901,12986466010497,2005,53,67,69634,3,1,FF_TOTAL,SF,1,2005-06-07 00:00:00,LOFSL,77,2266.04,544.76,502.82,315.97,8.34,350.66,,,38.573,,38.573,1.403,,,,,,,,,,,,,,,,,,,2005,2018-02-23 20:56:54,2008-05-14 15:09:12
2501649010901,12986466010497,2005,53,67,69634,4,1,FF_TOTAL,SF,1,2005-06-07 00:00:00,LOFSL,78,1597.17,325.45,300.59,390.75,8.27,431.34,,,47.322,,47.322,1.407,,,,,,,,,,,,,,,,,,,2005,2018-02-23 20:56:54,2008-05-14 15:09:12
2502095010901,12988512010497,2005,53,73,50367,2,1,FF_TOTAL,SF,1,2005-07-08 00:00:00,LOFSL,379,1880.6,672.17,541.7,179.78,24.09,247.16,,,43.561,,43.561,1.3,,,,,,,,,,,,,,,,,,,2005,2018-02-23 20:56:54,2008-05-14 15:09:12
2502098010901,12988512010497,2005,53,73,50367,2,1,MIN_1,BD,1,2005-07-08 00:00:00,LOFSL,116,168.02,145.49,135.6,15.48,7.29,23.9,,65.646,12.5,0.207,12.707,0.298,5.43,4.98,0.94,225.8,123.5,3595.0,11.42,19.663,118.5,1.1,-0.01,0.0,2.29,0.45,0.02,9.73,39.6,18.36,2005,2018-02-23 20:56:54,2008-05-14 15:09:12
2502099010901,12988512010497,2005,53,73,50367,2,1,MIN_2,BD,1,2005-07-08 00:00:00,LOFSL,114,215.41,199.24,197.92,8.11,0.67,8.83,,66.853,4.6,0.187,4.787,0.14,5.67,5.17,0.0,88.97,24.56,1078.0,12.42,5.946,48.56,0.38,0.01,0.0,0.0,0.2,0.08,0.0,20.1,3.9,2005,2018-02-23 20:56:54,2008-05-14 15:09:12
2502096010901,12988512010497,2005,53,73,50367,3,1,FF_TOTAL,SF,1,2005-07-08 00:00:00,LOFSL,380,383.17,192.98,174.97,98.55,10.29,118.98,,,45.977,,45.977,1.502,,,,,,,,,,,,,,,,,,,2005,2018-02-23 20:56:54,2008-05-14 15:09:12
2502097010901,12988512010497,2005,53,73,50367,4,1,FF_TOTAL,SF,1,2005-07-08 00:00:00,LOFSL,381,849.23,373.19,293.01,127.55,27.36,189.82,,,40.856,,40.856,1.175,,,,,,,,,,,,,,,,,,,2005,2018-02-23 20:56:54,2008-05-14 15:09:12
2501605010901,12996941010497,2005,53,77,56553,2,1,FF_TOTAL,SF,1,2005-06-08 00:00:00,LOFSL,196,532.89,296.66,280.16,79.62,5.89,90.2,,,24.481,,24.481,0.855,,,,,,,,,,,,,,,,,,,2005,2018-02-23 20:56:54,2008-05-14 15:09:11
2501608010901,12996941010497,2005,53,77,56553,2,1,MIN_1,O,1,2005-06-08 00:00:00,LOFSL,60,192.98,164.88,162.98,17.04,1.17,18.4,,20.342,1.05,0.076,1.126,0.051,6.12,5.37,0.0,152.3,12.19,547.5,5.4,3.281,15.29,0.89,0.0,0.0,0.0,0.02,0.19,0.0,160.0,23.8,2005,2018-02-23 20:56:54,2008-05-14 15:09:11
2501609010901,12996941010497,2005,53,77,56553,2,1,MIN_2,O,1,2005-06-08 00:00:00,LOFSL,59,198.81,164.74,162.1,20.68,1.63,22.64,,26.398,1.27,0.096,1.366,0.024,6.15,5.45,4.81,184.4,26.82,664.5,1.95,4.05,13.3,0.0,0.0,0.0,0.0,0.02,0.05,0.0,47.1,5.06,2005,2018-02-23 20:56:54,2008-05-14 15:09:11
2501606010901,12996941010497,2005,53,77,56553,3,1,FF_TOTAL,SF,1,2005-06-08 00:00:00,LOFSL,197,493.34,385.65,364.88,27.92,5.69,35.2,,,29.144,,29.144,0.884,,,,,,,,,,,,,,,,,,,2005,2018-02-23 20:56:54,2008-05-14 15:09:11
2501607010901,12996941010497,2005,53,77,56553,4,1,FF_TOTAL,SF,1,2005-06-08 00:00:00,LOFSL,198,24.47,23.65,22.36,3.46,5.74,9.4,,,42.481,,42.481,0.559,,,,,,,,,,,,,,,,,,,2005,2018-02-23 20:56:54,2008-05-14 15:09:11
2501592010901,12994021010497,2005,53,77,78868,2,2,FF_TOTAL,SF,1,2005-07-24 00:00:00,LOFSL,486,225.66,206.08,197.44,9.5,4.38,14.29,,,27.225,,27.225,0.708,,,,,,,,,,,,,,,,,,,2005,2018-02-23 20:56:54,2008-05-14 15:09:11
2501595010901,12994021010497,2005,53,77,78868,2,2,MIN_1,BD,1,2005-07-24 00:00:00,LOFSL,147,150.02,131.93,127.43,13.71,3.53,17.72,,20.701,2.6,0.166,2.766,0.092,5.29,4.82,21.81,186.9,111.5,752.5,51.1,5.813,21.43,1.22,0.07,0.0,0.05,0.01,0.04,4.35,53.5,16.7,2005,2018-02-23 20:56:54,2008-05-14 15:09:11
2501596010901,12994021010497,2005,53,77,78868,2,2,MIN_2,BD,1,2005-07-24 00:00:00,LOFSL,144,167.35,154.0,151.91,8.66,1.37,10.15,,15.636,1.83,0.157,1.987,0.073,5.42,4.71,0.0,80.62,54.43,416.2,44.92,3.23,17.59,0.28,0.0,0.0,0.0,0.02,0.0,1.75,72.7,12.76,2005,2018-02-23 20:56:54,2008-05-14 15:09:11
2501593010901,12994021010497,2005,53,77,78868,3,2,FF_TOTAL,SF,1,2005-07-24 00:00:00,LOFSL,487,191.73,178.81,171.48,7.22,4.27,11.8,,,36.979,,36.979,0.752,,,,,,,,,,,,,,,,,,,2005,2018-02-23 20:56:54,2008-05-14 15:09:11
2501594010901,12994021010497,2005,53,77,78868,4,2,FF_TOTAL,SF,1,2005-07-24 00:00:00,LOFSL,488,254.63,240.34,232.54,5.94,3.35,9.49,,,26.815,,26.815,0.577,,,,,,,,,,,,,,,,,,,2005,2018-02-23 20:56:54,2008-05-14 15:09:11
2503432010901,8651533010901,2006,53,7,52115,2,2,FF_TOTAL,SF,1,2006-07-18 00:00:00,LOFSL,324,491.38,349.47,324.18,40.6,7.8,51.57,,,31.828,,31.828,0.659,,,,,,,,,,,,,,,,,,,2006,2018-02-23 20:56:54,2008-05-14 15:09:11
2503435010901,8651533010901,2006,53,7,52115,2,2,MIN_1,BD,1,2006-07-18 00:00:00,LOFSL,96,156.54,127.19,124.9,23.07,1.82,25.32,,22.507,2.17,0.285,2.455,0.099,5.87,5.61,0.0,71.15,25.55,556.0,13.92,3.321,17.91,1.96,0.0,0.0,0.0,-0.03,0.0,3.79,520.0,44.8,2006,2018-02-23 20:56:54,2008-05-14 15:09:11
2503436010901,8651533010901,2006,53,7,52115,2,2,MIN_2,BD,1,2006-07-18 00:00:00,LOFSL,90,165.87,138.61,136.28,19.66,1.7,21.7,,13.229,0.929,0.316,1.245,0.065,6.34,5.84,0.0,49.65,8.6,418.5,4.32,2.334,3.23,0.0,0.07,0.0,0.0,0.01,0.0,1.38,87.2,6.34,2006,2018-02-23 20:56:54,2008-05-14 15:09:11
2503433010901,8651533010901,2006,53,7,52115,3,2,FF_TOTAL,SF,1,2006-07-18 00:00:00,LOFSL,325,630.73,504.46,471.15,25.03,7.06,33.86,,,36.068,,36.068,0.62,,,,,,,,,,,,,,,,,,,2006,2018-02-23 20:56:54,2008-05-14 15:09:11
2503434010901,8651533010901,2006,53,7,52115,4,2,FF_TOTAL,SF,1,2006-07-18 00:00:00,LOFSL,326,468.59,406.32,386.63,15.32,5.09,21.19,,,35.811,,35.811,1.145,,,,,,,,,,,,,,,,,,,2006,2018-02-23 20:56:54,2008-05-14 15:09:11
2503452010901,8652732010901,2006,53,7,61659,2,2,FF_TOTAL,SF,1,2006-07-15 00:00:00,LOFSL,302,57.54,55.89,52.78,2.95,5.89,9.01,,,42.688,,42.688,1.129,,,,,,,,,,,,,,,,,,,2006,2018-02-23 20:56:54,2008-05-14 15:09:11
2503453010901,8652732010901,2006,53,7,61659,3,2,FF_TOTAL,SF,1,2006-07-15 00:00:00,LOFSL,303,320.85,273.45,259.36,17.33,5.43,23.7,,,46.84,,46.84,0.809,,,,,,,,,,,,,,,,,,,2006,2018-02-23 20:56:54,2008-05-14 15:09:11
2503454010901,8652732010901,2006,53,7,61659,4,2,FF_TOTAL,SF,1,2006-07-15 00:00:00,LOFSL,304,289.1,229.69,214.59,25.86,7.03,34.71,,,47.318,,47.318,1.507,,,,,,,,,,,,,,,,,,,2006,2018-02-23 20:56:54,2008-05-14 15:09:11
2503412010901,8601727010901,2006,53,15,55511,2,2,FF_TOTAL,SF,1,2006-06-29 00:00:00,LOFSL,242,529.09,357.11,340.24,48.15,4.95,55.5,,,34.827,,34.827,1.012,,,,,,,,,,,,,,,,,,,2006,2018-02-23 20:56:54,2008-05-14 15:09:11
2503415010901,8601727010901,2006,53,15,55511,2,2,MIN_1,O,1,2006-06-29 00:00:00,LOFSL,71,147.9,103.21,100.24,43.3,2.96,47.54,,11.728,10.4,0.284,10.684,0.323,4.65,4.43,12.6,3.9,78.61,827.4,195.0,7.008,25.25,24.22,0.0,0.0,0.8,-0.02,1.73,7.82,19.4,19.5,2006,2018-02-23 20:56:54,2008-05-14 15:09:11
2503416010901,8601727010901,2006,53,15,55511,2,2,MIN_2,O,1,2006-06-29 00:00:00,LOFSL,67,230.44,184.44,180.97,24.94,1.91,27.33,,10.319,3.74,0.314,4.054,0.113,5.08,4.44,0.0,20.83,7.63,105.3,154.1,2.354,3.41,18.34,0.16,0.0,4.14,0.01,0.0,4.89,10.3,0.204,2006,2018-02-23 20:56:54,2008-05-14 15:09:11
2503413010901,8601727010901,2006,53,15,55511,3,2,FF_TOTAL,SF,1,2006-06-29 00:00:00,LOFSL,243,502.51,225.36,215.21,122.98,4.71,133.48,,,44.572,,44.572,1.455,,,,,,,,,,,,,,,,,,,2006,2018-02-23 20:56:54,2008-05-14 15:09:11
2503414010901,8601727010901,2006,53,15,55511,4,2,FF_TOTAL,SF,1,2006-06-29 00:00:00,LOFSL,244,878.52,440.95,415.4,99.23,6.14,111.48,,,44.234,,44.234,0.681,,,,,,,,,,,,,,,,,,,2006,2018-02-23 20:56:54,2008-05-14 15:09:11
2503422010901,8602201010901,2006,53,15,57432,3,2,FF_TOTAL,SF,1,2006-06-27 00:00:00,LOFSL,240,36.71,32.35,30.7,13.47,5.34,19.54,,,30.36,,30.36,1.198,,,,,,,,,,,,,,,,,,,2006,2018-02-23 20:56:54,2008-05-14 15:09:11
2503423010901,8602201010901,2006,53,15,57432,4,2,FF_TOTAL,SF,1,2006-06-27 00:00:00,LOFSL,241,221.82,146.34,137.85,51.57,6.15,60.9,,,42.54,,42.54,1.4,,,,,,,,,,,,,,,,,,,2006,2018-02-23 20:56:54,2008-05-14 15:09:11
2503447010901,8604558010901,2006,53,19,50626,2,2,FF_TOTAL,SF,1,2006-07-12 00:00:00,LOFSL,299,324.35,207.0,194.91,56.69,6.2,66.4,,,41.188,,41.188,1.056,,,,,,,,,,,,,,,,,,,2006,2018-02-23 20:56:54,2008-05-14 15:09:11
2503450010901,8604558010901,2006,53,19,50626,2,2,MIN_1,BD,1,2006-07-12 00:00:00,LOFSL,89,232.3,212.31,210.25,9.41,0.97,10.48,,15.478,1.04,0.282,1.322,0.061,5.45,5.01,21.5,46.77,11.28,367.1,14.19,2.295,28.53,0.0,0.0,0.0,0.0,-0.01,1.21,3.22,123.0,108.6,2006,2018-02-23 20:56:54,2008-05-14 15:09:11
2503451010901,8604558010901,2006,53,19,50626,2,2,MIN_2,BD,1,2006-07-12 00:00:00,LOFSL,83,265.18,244.39,243.37,8.5,0.41,8.96,,19.648,0.523,0.299,0.822,0.034,6.25,5.66,8.06,53.87,14.93,509.8,3.57,2.879,1.82,0.0,0.01,0.0,0.0,0.02,0.0,0.5,553.0,45.0,2006,2018-02-23 20:56:54,2008-05-14 15:09:11
2503448010901,8604558010901,2006,53,19,50626,3,2,FF_TOTAL,SF,1,2006-07-12 00:00:00,LOFSL,300,1287.13,481.89,449.3,167.1,7.25,186.46,,,45.067,,45.067,1.126,,,,,,,,,,,,,,,,,,,2006,2018-02-23 20:56:54,2008-05-14 15:09:11
2503449010901,8604558010901,2006,53,19,50626,4,2,FF_TOTAL,SF,1,2006-07-12 00:00:00,LOFSL,301,324.7,174.18,165.82,86.41,5.04,95.81,,,38.056,,38.056,1.035,,,,,,,,,,,,,,,,,,,2006,2018-02-23 20:56:54,2008-05-14 15:09:11
2503437010901,8612980010901,2006,53,33,73774,2,2,FF_TOTAL,SF,1,2006-08-11 00:00:00,LOFSL,504,893.52,584.13,479.0,52.96,21.94,86.53,,,26.545,,26.545,1.111,,,,,,,,,,,,,,,,,,,2006,2018-02-23 20:56:54,2008-05-14 15:09:11
2503440010901,8612980010901,2006,53,33,73774,2,2,MIN_1,BD,1,2006-08-11 00:00:00,LOFSL,147,167.09,114.9,112.93,45.42,1.73,47.95,,12.903,5.19,0.299,5.489,0.171,5.14,4.81,17.75,55.46,86.4,2007.0,20.69,11.174,8.36,5.35,0.0,0.0,3.72,0.07,0.61,8.62,3.78,1.986,2006,2018-02-23 20:56:54,2008-05-14 15:09:11
2503441010901,8612980010901,2006,53,33,73774,2,2,MIN_2,BD,1,2006-08-11 00:00:00,LOFSL,139,152.87,110.76,107.24,38.01,3.27,42.54,,29.476,5.44,0.331,5.771,0.216,5.38,4.79,23.49,54.07,52.32,1480.0,69.61,8.829,6.57,13.27,-0.04,0.0,0.45,0.09,0.19,4.84,2.79,0.0,2006,2018-02-23 20:56:54,2008-05-14 15:09:11
2503438010901,8612980010901,2006,53,33,73774,3,2,FF_TOTAL,SF,1,2006-08-11 00:00:00,LOFSL,505,864.03,511.38,410.43,68.96,24.59,110.51,,,43.636,,43.636,1.326,,,,,,,,,,,,,,,,,,,2006,2018-02-23 20:56:54,2008-05-14 15:09:11
2503439010901,8612980010901,2006,53,33,73774,4,2,FF_TOTAL,SF,1,2006-08-11 00:00:00,LOFSL,506,1240.35,777.58,616.41,59.51,26.14,101.22,,,40.764,,40.764,1.08,,,,,,,,,,,,,,,,,,,2006,2018-02-23 20:56:54,2008-05-14 15:09:11
2503455010901,8624672010901,2006,53,47,65222,2,1,FF_TOTAL,SF,1,2006-06-16 00:00:00,LOFSL,200,1568.17,810.61,767.92,93.45,5.55,104.2,,,13.444,,13.444,0.623,,,,,,,,,,,,,,,,,,,2006,2018-02-23 20:56:54,2008-05-14 15:09:11
2503458010901,8624672010901,2006,53,47,65222,2,1,MIN_1,BD,1,2006-06-16 00:00:00,LOFSL,59,247.41,200.73,198.28,23.25,1.23,24.77,,38.922,1.99,0.281,2.271,0.109,6.1,5.59,9.22,109.3,112.7,2717.0,0.0,14.804,17.82,3.51,0.0,0.0,0.0,0.03,0.7,4.94,213.0,48.8,2006,2018-02-23 20:56:54,2008-05-14 15:09:11
2503459010901,8624672010901,2006,53,47,65222,2,1,MIN_2,O,1,2006-06-16 00:00:00,LOFSL,55,498.96,445.95,441.66,11.88,0.97,12.97,,56.576,0.839,0.314,1.153,0.056,6.54,5.82,1.25,122.3,84.12,2158.0,4.26,11.825,9.86,1.65,0.0,0.0,0.0,-0.02,0.0,2.04,272.0,39.6,2006,2018-02-23 20:56:54,2008-05-14 15:09:11
2503456010901,8624672010901,2006,53,47,65222,3,1,FF_TOTAL,SF,1,2006-06-16 00:00:00,LOFSL,201,893.82,333.53,310.99,167.98,7.24,187.4,,,39.012,,39.012,1.458,,,,,,,,,,,,,,,,,,,2006,2018-02-23 20:56:54,2008-05-14 15:09:11
2503457010901,8624672010901,2006,53,47,65222,4,1,FF_TOTAL,SF,1,2006-06-16 00:00:00,LOFSL,202,994.97,371.15,348.61,168.07,6.46,185.4,,,33.484,,33.484,1.192,,,,,,,,,,,,,,,,,,,2006,2018-02-23 20:56:54,2008-05-14 15:09:11
2503442010901,8630956010901,2006,53,53,52200,2,2,FF_TOTAL,SF,1,2006-09-04 00:00:00,LOFSL,510,896.12,801.55,734.53,11.79,9.12,21.99,,,29.193,,29.193,1.053,,,,,,,,,,,,,,,,,,,2006,2018-02-23 20:56:54,2008-05-14 15:09:11
2503445010901,8630956010901,2006,53,53,52200,2,2,MIN_1,O,1,2006-09-04 00:00:00,LOFSL,149,716.83,691.6,668.52,3.64,3.45,7.22,,60.067,6.42,0.319,6.739,0.247,4.99,4.36,12.89,35.65,21.98,270.1,167.2,3.534,14.51,4.95,0.16,0.0,1.97,0.02,2.19,18.59,12.8,18.18,2006,2018-02-23 20:56:54,2008-05-14 15:09:11
2503446010901,8630956010901,2006,53,53,52200,2,2,MIN_2,O,1,2006-09-04 00:00:00,LOFSL,140,674.81,650.31,637.8,3.76,1.96,5.8,,62.217,6.38,0.361,6.741,0.384,5.0,4.32,13.85,43.9,21.51,282.3,169.8,3.646,15.52,3.39,0.22,0.0,1.73,0.04,1.54,15.1,5.7,21.2,2006,2018-02-23 20:56:54,2008-05-14 15:09:11
2503443010901,8630956010901,2006,53,53,52200,3,2,FF_TOTAL,SF,1,2006-09-04 00:00:00,LOFSL,511,658.93,606.62,585.81,8.62,3.55,12.48,,,22.033,,22.033,0.911,,,,,,,,,,,,,,,,,,,2006,2018-02-23 20:56:54,2008-05-14 15:09:11
2503444010901,8630956010901,2006,53,53,52200,4,2,FF_TOTAL,SF,1,2006-09-04 00:00:00,LOFSL,512,149.14,136.04,125.24,9.62,8.61,19.07,,,43.296,,43.296,1.633,,,,,,,,,,,,,,,,,,,2006,2018-02-23 20:56:54,2008-05-14 15:09:11
2503460010901,8633631010901,2006,53,57,80824,2,2,FF_TOTAL,SF,1,2006-09-01 00:00:00,LOFSL,507,1049.45,660.88,590.8,58.79,11.86,77.62,,,16.696,,16.696,1.085,,,,,,,,,,,,,,,,,,,2006,2018-02-23 20:56:54,2008-05-14 15:09:11
2503463010901,8633631010901,2006,53,57,80824,2,2,MIN_1,BD,1,2006-09-01 00:00:00,LOFSL,148,208.88,161.14,159.1,29.62,1.28,31.28,,57.4,5.0,0.359,5.359,0.481,5.7,5.41,7.47,42.48,115.7,2765.0,-0.49,14.884,22.9,0.0,0.0,0.0,0.0,0.13,0.76,6.71,13.0,5.14,2006,2018-02-23 20:56:54,2008-05-14 15:09:11
2503461010901,8633631010901,2006,53,57,80824,3,2,FF_TOTAL,SF,1,2006-09-01 00:00:00,LOFSL,508,1236.86,830.26,744.98,48.97,11.44,66.02,,,30.229,,30.229,1.281,,,,,,,,,,,,,,,,,,,2006,2018-02-23 20:56:54,2008-05-14 15:09:11
2503462010901,8633631010901,2006,53,57,80824,4,2,FF_TOTAL,SF,1,2006-09-01 00:00:00,LOFSL,509,1527.63,890.21,815.68,71.6,9.13,87.28,,,33.722,,33.722,1.108,,,,,,,,,,,,,,,,,,,2006,2018-02-23 20:56:54,2008-05-14 15:09:11
2503417010901,8636345010901,2006,53,59,54098,2,1,FF_TOTAL,SF,1,2006-07-06 00:00:00,LOFSL,264,366.07,165.76,155.9,120.84,6.31,134.79,,,39.086,,39.086,0.962,,,,,,,,,,,,,,,,,,,2006,2018-02-23 20:56:54,2008-05-14 15:09:11
2503420010901,8636345010901,2006,53,59,54098,2,1,MIN_1,BD,1,2006-07-06 00:00:00,LOFSL,78,175.25,149.53,148.45,17.2,0.72,18.04,,13.725,0.748,0.275,1.023,0.03,5.41,4.4,13.17,0.0,45.67,181.7,30.68,1.68,12.95,3.85,0.0,0.0,0.0,-0.02,1.13,2.62,55.4,23.0,2006,2018-02-23 20:56:54,2008-05-14 15:09:11
2503421010901,8636345010901,2006,53,59,54098,2,1,MIN_2,BD,1,2006-07-06 00:00:00,LOFSL,73,188.2,161.63,157.15,16.43,2.84,19.75,,11.558,1.63,0.312,1.942,0.048,5.19,4.92,1.93,35.81,7.78,61.99,23.56,0.735,8.1,0.49,0.04,0.0,0.0,0.02,0.0,7.14,41.9,3.3,2006,2018-02-23 20:56:54,2008-05-14 15:09:11
2503418010901,8636345010901,2006,53,59,54098,3,1,FF_TOTAL,SF,1,2006-07-06 00:00:00,LOFSL,265,226.79,206.05,196.85,10.06,4.66,15.2,,,29.141,,29.141,0.733,,,,,,,,,,,,,,,,,,,2006,2018-02-23 20:56:54,2008-05-14 15:09:11
2503419010901,8636345010901,2006,53,59,54098,4,1,FF_TOTAL,SF,1,2006-07-06 00:00:00,LOFSL,266,282.1,131.25,124.5,114.93,5.41,126.57,,,31.801,,31.801,0.816,,,,,,,,,,,,,,,,,,,2006,2018-02-23 20:56:54,2008-05-14 15:09:11
2503427010901,8639803010901,2006,53,65,94803,2,1,FF_TOTAL,SF,1,2006-06-12 00:00:00,LOFSL,197,331.55,199.94,191.18,65.82,4.58,73.42,,,32.222,,32.222,0.848,,,,,,,,,,,,,,,,,,,2006,2018-02-23 20:56:54,2008-05-14 15:09:11
2503430010901,8639803010901,2006,53,65,94803,2,1,MIN_1,BD,1,2006-06-12 00:00:00,LOFSL,58,233.7,183.18,181.39,27.57,0.98,28.83,,18.406,3.26,0.296,3.556,0.185,6.05,5.62,0.0,329.2,145.1,1174.0,0.77,7.902,11.79,1.19,-0.03,0.0,0.0,0.07,0.0,3.8,259.0,43.0,2006,2018-02-23 20:56:54,2008-05-14 15:09:11
2503431010901,8639803010901,2006,53,65,94803,2,1,MIN_2,BD,1,2006-06-12 00:00:00,LOFSL,54,285.88,227.34,224.97,25.74,1.05,27.07,,9.622,0.923,0.318,1.241,0.064,6.34,5.64,6.47,505.3,101.6,957.6,3.05,6.968,7.12,1.15,0.0,0.0,0.17,0.0,-0.03,2.19,207.0,23.4,2006,2018-02-23 20:56:54,2008-05-14 15:09:11
2503428010901,8639803010901,2006,53,65,94803,3,1,FF_TOTAL,SF,1,2006-06-12 00:00:00,LOFSL,198,320.81,233.84,228.82,37.19,2.19,40.19,,,18.202,,18.202,0.635,,,,,,,,,,,,,,,,,,,2006,2018-02-23 20:56:54,2008-05-14 15:09:11
2503429010901,8639803010901,2006,53,65,94803,4,1,FF_TOTAL,SF,1,2006-06-12 00:00:00,LOFSL,199,1885.62,989.17,930.34,90.62,6.32,102.68,,,22.818,,22.818,0.638,,,,,,,,,,,,,,,,,,,2006,2018-02-23 20:56:54,2008-05-14 15:09:11
2503425010901,8642354010901,2006,53,67,67675,2,1,MIN_1,BD,1,2006-07-05 00:00:00,LOFSL,77,197.3,163.81,159.62,20.44,2.62,23.6,,6.231,3.38,0.304,3.684,0.242,5.82,5.27,12.48,151.3,144.2,1166.0,6.14,7.513,20.9,0.8,0.0,0.0,3.05,0.06,0.88,5.29,278.0,59.4,2006,2018-02-23 20:56:54,2008-05-14 15:09:11
2503426010901,8642354010901,2006,53,67,67675,2,1,MIN_2,BD,1,2006-07-05 00:00:00,LOFSL,72,230.52,195.63,191.1,17.83,2.36,20.62,,3.545,2.12,0.332,2.452,0.117,5.89,5.34,0.0,133.7,76.77,529.6,15.66,3.79,8.26,0.51,0.0,0.0,0.0,-0.02,0.0,3.3,23.4,6.3,2006,2018-02-23 20:56:54,2008-05-14 15:09:11
2503424010901,8642354010901,2006,53,67,67675,3,1,FF_TOTAL,SF,1,2006-07-05 00:00:00,LOFSL,263,85.32,74.32,69.31,14.8,7.22,23.09,,,30.366,,30.366,0.872,,,,,,,,,,,,,,,,,,,2006,2018-02-23 20:56:54,2008-05-14 15:09:11
