Plot_ID,Species,DBH,Height,TCR,CCR,Note
78847_DMS,AS,2,15,80,40,
78847_DMS,PP,2,14,90,80,
78847_DMS,DF,2,14,100,90,
78847_DMS,DF,2,14,100,90,
78847_DMS,DF,2,16,90,90,
78847_DMS,WL,2,17,85,80,
78847_DMS,WL,4,25,85,80,
78847_DMS,WL,4,24,95,90,
78847_DMS,LP,2,15,90,80,
78847_DMS,LP,2,14,80,80,
78847_DMS,LP,2,14,90,80,
146403_DMS,DF,12,49,80,70,
146403_DMS,DF,20.7,87,80,50,
146403_DMS,DF,22.3,107,50,40,
146403_DMS,DF,3.3,19,90,70,
5025_CHN,DF,2,15,100,90,
5025_CHN,DF,2,15,70,60,
5025_CHN,DF,2,21,80,70,
5025_CHN,LP,2,30,60,40,
5025_CHN,LP,4,38,70,60,
5025_CHN,LP,4,33,60,50,
5025_CHN,WL,2,28,70,60,
5025_CHN,WL,4,39,50,40,
5025_CHN,WL,2,30,60,50,
5025_CHN,ES,2,16,80,70,
5025_CHN,ES,2,18,90,80,
5025_CHN,ES,2,21,100,90,
5025_CHN,AS,2,23,40,30,
5025_CHN,AS,2,20,30,30,
5025_CHN,AS,2,16,30,30,
117941_DMN,WL,2,15,100,90,
117941_DMN,DF,4,20,100,90,
117941_DMN,DF,4,20,80,80,
117941_DMN,DF,4,21,90,90,
117941_DMN,WL,2,14,100,90,
117941_DMN,WL,2,16,100,90,
117941_DMN,DF,6,32,80,70,
117941_DMN,DF,26,108,60,50,
117941_DMN,DF,16,82,80,70,
117870_DHN,WL,2,14,100,90,
117870_DHN,WL,2,14,100,90,
117870_DHN,WL,2,14,100,90,
117870_DHN,LP,2,16,100,90,
117870_DHN,LP,2,16,100,90,
117870_DHN,LP,2,19,100,90,
117900_DHN,RA,2,18,100,90,
117900_DHN,RA,2,18,100,90,
117900_DHN,WL,2,14,100,90,
117900_DHN,WL,2,14,100,90,
117900_DHN,WL,2,14,100,90,
117900_DHN,LP,2,16,100,90,
117900_DHN,LP,2,14,100,90,
117900_DHN,LP,4,16,100,90,
118036_CMN,DF,6,30,70,50,
118036_CMN,WL,18,66,50,40,
118036_CMN,SF,8,43,60,40,
118036_CMN,SF,8,42,50,30,
118036_CMN,WL,6,44,20,10,
118036_CMN,WL,6,45,60,30,
118036_CMN,DF,10,50,40,30,
118036_CMN,WL,6,45,70,30,
118036_CMN,DF,10,40,80,40,
150974_CHS,LP,1.8,13,90,80,
150974_CHS,LP,1.6,13,100,90,
150974_CHS,LP,1.7,13,100,90,
150974_CHS,LP,1.9,14,90,80,
4517_DHS,LP,2,15,80,50,
4517_DHS,WL,2,14,70,60,
4517_DHS,WL,2,20,70,60,
4517_DHS,WL,2,21,70,60,
4517_DHS,DF,2,14,90,60,
4517_DHS,DF,2,18,90,80,
4517_DHS,ES,4,20,100,90,
4615_DMN,DF,10,44,80,50,
4615_DMN,DF,10,35,90,50,
4615_DMN,DF,12,52,60,40,
4644_DMN,DF,14,65,60,40,
4644_DMN,DF,20,69,50,40,
4644_DMN,DF,4,17,100,80,
4644_DMN,DF,2,16,90,80,
4644_DMN,DF,2,17,90,80,
4644_DMN,DF,2,14,90,80,
4644_DMN,DF,2,14,100,90,
4644_DMN,DF,2,14,100,70,
151200_MMS,WL,18,93,60,50,
151200_MMS,DF,22.5,102,60,30,
151200_MMS,DF,16.2,75,60,40,
151200_MMS,DF,12.8,85,70,30,
151200_MMS,DF,10.9,63,70,60,
4817_DHN,PP,4,16,90,80,
4817_DHN,DF,2,16,100,100,
4817_DHN,PP,4,15,90,50,
4817_DHN,PP,4,17,90,80,
4817_DHN,DF,2,14,80,60,
151191_CMS,DF,15.9,77,60,40,
143306_DHS,WL,1.3,14,90,80,
143306_DHS,WL,2,18,90,80,
143306_DHS,AS,0.9,14,40,30,
143306_DHS,AS,1.8,18,60,40,
143306_DHS,WL,2.4,20,90,80,
143306_DHS,AS,0.7,14,40,30,
143360_MMS,WL,2.3,17,90,80,
143360_MMS,WL,2.4,17,90,70,
143360_MMS,DF,6.2,42,40,20,
143360_MMS,DF,7.4,57,30,20,
143360_MMS,RC,2,15,70,40,
143360_MMS,WL,2.3,15,90,80,
151347_MMN,SF,6.8,28,80,70,
151347_MMN,LP,6.4,32,85,80,
151347_MMN,ES,2.4,14,100,90,
151347_MMN,WL,13.8,87,40,30,
151347_MMN,DF,8,43,60,30,
151347_MMN,WL,1.8,15,100,90,
151347_MMN,LP,3.6,21,80,70,
151347_MMN,SF,4.7,26,90,80,
151347_MMN,DF,4.8,26,90,80,
151273_MHN,DF,19.9,83,70,50,
151273_MHN,WL,7.1,49,80,60,
151273_MHN,WL,7.5,51,80,50,
151273_MHN,LP,5.8,20,100,90,
151273_MHN,DF,10.4,36,80,70,
151273_MHN,LP,9.2,29,100,80,
151273_MHN,WL,9.4,32,100,90,
151273_MHN,WL,2,16,100,80,
151273_MHN,LP,1.9,14,100,70,
151273_MHN,SF,2.5,18,100,90,
78826_DMS,PP,4,15,90,80,
78826_DMS,PP,4,14,100,80,
78826_DMS,WL,4,37,90,50,
78826_DMS,WL,4,29,100,80,
78826_DMS,WL,4,27,90,60,
78826_DMS,PP,4,19,80,70,
78826_DMS,PP,6,23,90,80,
78826_DMS,PP,8,27,80,70,
78826_DMS,WL,6,24,40,30,
145400_MMS,RC,5.3,31,90,80,
145400_MMS,RC,10.1,59,80,60,
145400_MMS,DF,8.7,70,30,20,
145400_MMS,DF,9.1,52,40,30,
145400_MMS,WL,7.7,67,60,20,
145400_MMS,DF,10.4,57,40,30,
148091_CHS,LP,2.3,15,100,90,
148091_CHS,LP,2.1,14,100,90,
148091_CHS,LP,2.8,15,100,90,
148091_CHS,LP,2.5,14,100,90,
145501_CMN,DF,12.4,56,70,60,
145501_CMN,DF,10.1,53,60,40,
145501_CMN,WL,10.5,55,70,60,
145501_CMN,WL,12.3,51,80,70,
145501_CMN,ES,7.1,30,90,80,
145501_CMN,SF,3,15,100,90,
145501_CMN,LP,10.7,51,70,30,
145501_CMN,ES,7.2,35,90,80,
145501_CMN,WL,16.4,73,80,70,
151091_DHS,WL,1.6,14,100,70,
151091_DHS,WL,1.5,14,90,80,
151091_DHS,WL,1.3,15,100,90,
151091_DHS,WL,2.1,16,100,90,
151091_DHS,LP,2,15,90,80,
151091_DHS,LP,2.3,14,90,70,
151091_DHS,LP,2.6,17,90,80,
151091_DHS,LP,2.1,14,90,90,
151091_DHS,AS,0.8,14,40,20,
153967_MHS,LP,1.4,14,100,90,
153967_MHS,LP,1.6,17,100,90,
153967_MHS,LP,1.8,17,100,90,
153967_MHS,WL,1.2,18,100,90,
153967_MHS,WL,1.1,14,100,90,
153967_MHS,WL,1.2,15,100,90,
153967_MHS,AS,0.8,16,40,40,
153967_MHS,AS,0.8,15,40,30,
153506_MMS,WL,12.3,80,75,30,
153506_MMS,WL,13.1,84,40,30,
154513_CMN,WL,7.6,56,80,50,
154513_CMN,WL,12.1,82,80,40,
154513_CMN,DF,14.3,73,60,50,
154513_CMN,DF,17.8,88,40,40,
154053_CMS,WL,9.1,69,30,20,
154053_CMS,WL,10.4,78,40,30,
154053_CMS,WL,16.5,90,40,30,
154053_CMS,WL,7.2,55,80,60,
154053_CMS,WL,11.2,75,40,30,logging damage
154053_CMS,WL,4.3,42,50,30,
154053_CMS,WL,9.1,78,70,30,
154053_CMS,WL,5.8,59,70,40,
152553_CHS,LP,2.5,14,100,90,
152553_CHS,WL,2,13,100,90,
152553_CHS,LP,2.3,14,100,90,
152553_CHS,LP,2.1,14,100,90,
152553_CHS,WL,2,13,100,90,
152553_CHS,WL,2,14,100,90,
153907_CHS,WL,1.1,15,90,70,
153907_CHS,WL,1.5,16,100,80,
153907_CHS,WL,1.3,15,80,70,
153907_CHS,WL,2,18,90,80,
153907_CHS,LP,1.9,15,90,70,
153907_CHS,LP,2,16,90,70,
153907_CHS,LP,2.2,16,90,80,
153907_CHS,LP,1.9,15,80,60,
153907_CHS,WL,1.5,14,90,80,
152636_MHS,AS,0.7,14,60,40,
152636_MHS,AS,1.6,15,70,40,
152636_MHS,WL,1.2,14,90,70,
152636_MHS,LP,1.8,15,90,70,
152636_MHS,LP,1.8,14,100,60,
152636_MHS,LP,1.6,16,90,70,
152636_MHS,LP,1.7,14,90,70,
152636_MHS,LP,1.8,14,100,80,
152636_MHS,LP,1.9,14,90,70,
153269_MHN,WL,1.1,15,100,90,
153269_MHN,WL,1.2,16,100,90,
153269_MHN,WL,1.2,16,100,90,
153269_MHN,LP,1.1,14,90,80,
153269_MHN,AS,0.9,18,50,40,
153269_MHN,AS,0.7,17,40,30,
153269_MHN,AS,0.8,17,60,50,
152138_CHS,LP,2.2,14,100,90,
152138_CHS,WL,1.6,13,100,90,
152138_CHS,LP,1.9,13,100,90,
152138_CHS,LP,1.5,13,100,90,
152138_CHS,WL,1.5,14,100,90,
152138_CHS,WL,1.8,13,100,90,
151106_MMN,WL,1.9,15,90,90,
151106_MMN,WL,2,16,100,90,
151106_MMN,WL,1.9,14,90,80,
151106_MMN,WL,3.3,21,90,80,
151106_MMN,RA,1.8,17,60,40,
151106_MMN,RA,2,20,80,70,
151106_MMN,RA,2.3,19,80,70,
151106_MMN,AS,2.7,23,80,50,
151106_MMN,AS,2,22,80,50,
151106_MMN,LP,1.7,15,70,40,
151106_MMN,AS,3.9,38,80,70,
154505_MHS,AS,0.9,16,60,50,
154505_MHS,AS,1.2,20,50,40,
154505_MHS,LP,1.7,15,90,70,
154505_MHS,LP,1.5,14,90,80,
154505_MHS,LP,2.5,15,90,70,
154505_MHS,WL,1.2,14,90,80,
154505_MHS,WL,1.3,15,80,70,
155275_MHN,WL,9.4,49,60,50,
155275_MHN,WL,5.8,41,30,30,
155275_MHN,WL,8,48,50,30,
155275_MHN,WL,8.4,53,50,40,
91191_CMN,LP,2,14,80,50,
91191_CMN,LP,2,18,80,50,
91191_CMN,LP,2,20,60,30,
91191_CMN,LP,2,16,80,40,
91191_CMN,WL,2,16,90,60,
91191_CMN,WL,2,14,90,40,
91191_CMN,WL,2,18,70,40,
91191_CMN,WL,2,18,80,70,
91191_CMN,DF,2,16,100,80,
154554_CHS,RA,1.1,15,100,90,
154554_CHS,RA,1,14,100,90,
154554_CHS,RA,1.4,20,100,90,
154554_CHS,LP,1.1,14,100,90,
154554_CHS,LP,1.1,15,100,90,
154554_CHS,LP,1.3,17,100,90,
154554_CHS,WL,1.2,17,100,90,
154554_CHS,WL,1.2,15,100,90,
154554_CHS,WL,1.3,17,100,90,
152914_MHS,LP,3.6,19,100,80,
152914_MHS,LP,3.3,20,90,70,
152914_MHS,LP,3.5,19,100,80,
152914_MHS,AS,0.9,16,80,40,
152914_MHS,AS,0.8,18,60,40,
152914_MHS,AS,1.7,20,70,50,
152914_MHS,WL,1.5,14,90,80,
152914_MHS,WL,3,21,90,90,
152914_MHS,WL,1.4,14,90,80,
153918_MMS,DF,9.7,51,70,40,
153918_MMS,WL,14.5,93,70,50,
153918_MMS,WL,15.4,90,50,40,
153918_MMS,RC,8,42,60,40,
153918_MMS,RC,6.9,48,80,30,
153918_MMS,RC,3.1,20,90,70,
153514_MHS,LP,1.8,14,100,90,
153514_MHS,LP,1.4,14,90,80,
153514_MHS,LP,1.5,14,90,80,
153514_MHS,WL,1.2,14,100,90,
153514_MHS,WL,1.5,16,90,80,
153514_MHS,WL,1.3,16,90,80,
153156_MMS,WL,1.5,16,90,70,
153156_MMS,WL,18.3,107,70,40,
153156_MMS,WL,17.5,103,70,40,
153156_MMS,WL,14.6,117,50,40,
153156_MMS,WL,1.8,14,80,70,
153156_MMS,WL,2,15,100,80,
153156_MMS,LP,2.6,15,90,90,
153156_MMS,WL,1.5,14,100,90,
153156_MMS,WL,1.7,15,90,80,
153156_MMS,LP,1.8,15,90,80,
154204_MMS,WL,11.5,81,50,40,
154204_MMS,WL,11.2,83,70,40,
154204_MMS,DF,13.5,70,70,50,
154204_MMS,LP,6.5,42,80,60,
154204_MMS,DF,9.6,86,70,60,
154204_MMS,LP,2,15,100,90,
154204_MMS,DF,2.6,15,70,60,
79284_CMN,WL,2,16,90,80,
79284_CMN,WL,2,14,90,80,
79284_CMN,LP,2,15,80,70,
79284_CMN,LP,2,18,80,70,
79284_CMN,AS,2,14,50,50,
79284_CMN,AS,2,22,70,60,
79284_CMN,DF,2,14,100,90,
79284_CMN,DF,2,15,100,90,
5048_DMN,DF,14,76,80,30,
5048_DMN,DF,20,82,80,50,
5048_DMN,DF,2,14,100,80,
5048_DMN,DF,2,14,100,80,
5048_DMN,DF,4,18,90,90,
5048_DMN,DF,2,15,80,70,
5048_DMN,DF,2,16,90,70,
5048_DMN,DF,4,21,90,70,
5048_DMN,DF,4,20,90,70,
999903_CMS,LP,2,17,100,80,
999903_CMS,LP,2,14,90,60,
999903_CMS,LP,2,15,90,60,
999903_CMS,DF,22,98,90,50,
999904_CMS,LP,8,38,90,70,
999904_CMS,SF,2,20,100,90,
999904_CMS,SF,2,22,100,90,
999904_CMS,DF,2,17,90,90,
999904_CMS,DF,4,30,100,80,
999904_CMS,LP,4,34,80,50,
999904_CMS,WL,4,36,90,80,
999904_CMS,WL,10,44,90,60,
999904_CMS,ES,6,30,100,90,
999902_DMS,WL,30,109,80,50,
999902_DMS,WL,2,16,90,80,
999902_DMS,WL,2,17,100,90,
999902_DMS,DF,2,14,100,80,
999902_DMS,DF,2,16,100,90,
999902_DMS,LP,4,25,90,80,
999902_DMS,LP,2,19,90,70,
999902_DMS,SF,2,14,100,90,
999902_DMS,SF,2,14,100,90,
4836_DMS,WL,2,14,60,50,
4836_DMS,DF,4,21,90,80,
4836_DMS,DF,2,15,100,90,
4836_DMS,DF,2,18,90,80,
4775_DMS,DF,2,14,100,80,
4775_DMS,DF,2,14,100,90,
4775_DMS,DF,2,15,90,80,
4775_DMS,WL,4,27,70,60,
4775_DMS,WL,4,23,70,60,
4775_DMS,WL,4,20,80,70,
42249_DHN,ES,3.4,22,100,90,
42249_DHN,ES,2.5,17,100,90,
42249_DHN,DF,2.5,19,80,70,
42249_DHN,DF,1.7,16,90,70,
42249_DHN,WL,3.6,28,90,80,
42249_DHN,WL,5.1,39,80,60,
42249_DHN,LP,7.6,34,60,50,
42249_DHN,LP,6.5,29,80,60,
42249_DHN,LP,6.5,35,90,80,
44978_CMN,DF,27.1,106,80,70,
44978_CMN,WL,29.1,131,70,60,
44978_CMN,WL,21.1,109,50,40,
44978_CMN,WL,34.1,126,70,60,
44978_CMN,ES,2.7,15,100,90,
44978_CMN,DF,2.1,14,100,70,
44978_CMN,SF,2.4,15,100,90,
46174_DMN,PP,4.8,22,90,80,
46174_DMN,DF,9.9,38,100,100,
46174_DMN,DF,16,65,100,80,
46174_DMN,DF,10.2,48,80,70,
42322_DHN,DF,1.9,20,90,70,
42322_DHN,DF,3.7,32,70,60,
42322_DHN,LP,5,34,50,40,
42322_DHN,LP,6.4,36,70,60,
42322_DHN,LP,4.6,35,50,30,
42322_DHN,WL,2.5,25,50,40,
42322_DHN,WL,5.4,35,50,40,
42322_DHN,ES,2.6,22,90,80,
42322_DHN,ES,2.4,20,100,90,
45912_MHN,DF,6.2,31,100,90,
45912_MHN,DF,2.1,15,100,90,
45912_MHN,SF,3.2,20,100,90,
45912_MHN,WL,2,19,90,70,
45912_MHN,ES,2.2,18,90,80,
45912_MHN,LP,7.1,33,90,80,
45912_MHN,LP,1.9,14,90,80,
45912_MHN,WL,1.2,17,90,80,
45912_MHN,ES,2,15,90,80,
120497_CHN,WL,3.1,22,100,90,
120497_CHN,WL,2.5,16,100,100,
120497_CHN,WL,2.2,16,100,100,
120497_CHN,PP,2.8,14,100,60,
120497_CHN,DF,4.8,21,100,90,
120497_CHN,DF,3,17,100,90,
120497_CHN,LP,3.3,15,100,90,
120497_CHN,LP,3.1,15,100,90,
120497_CHN,LP,2.3,14,100,90,
46069_MMN,SF,5.6,22,90,80,
46069_MMN,DF,5.1,30,100,90,
46069_MMN,DF,3,21,80,70,
46069_MMN,LP,1.5,15,60,40,
46069_MMN,LP,2.8,23,70,50,
46069_MMN,ES,7.9,60,90,80,
46069_MMN,CW,11.3,70,90,70,
46069_MMN,RA,6.3,58,50,40,
46069_MMN,WL,17.2,81,60,50,
10161_CHN,WL,7.1,48,80,80,
10161_CHN,WL,4.3,33,70,60,
10161_CHN,WL,1.2,14,70,20,
10161_CHN,DF,1.7,17,70,60,
10161_CHN,DF,1.4,14,60,40,
10161_CHN,DF,3.8,25,90,70,
10161_CHN,LP,3.2,25,80,70,
10161_CHN,LP,4.5,36,80,70,
10161_CHN,LP,3.9,32,50,40,
6129_CMS,WL,3.1,33,90,80,
6129_CMS,WL,1.5,19,90,80,
6129_CMS,WL,5.1,40,90,80,
6129_CMS,DF,2.7,26,80,70,
6129_CMS,DF,2.8,23,90,70,
6129_CMS,DF,1.3,17,80,70,
6129_CMS,LP,2,23,60,50,
6129_CMS,LP,4,30,60,50,
6129_CMS,LP,4.9,36,60,50,
6129_CMS,ES,1.9,13,100,90,
6129_CMS,ES,1.9,13,100,90,
6129_CMS,ES,2,13,100,90,
6310_CHS,ES,2,23,90,80,
6310_CHS,WL,3.4,40,90,80,
6310_CHS,DF,2.1,25,90,80,
6310_CHS,LP,4.2,41,60,40,
6310_CHS,DF,1.9,18,80,70,
6310_CHS,LP,2.9,24,80,70,
6310_CHS,LP,2.6,22,80,70,
6310_CHS,WL,1.3,25,90,80,
6310_CHS,WL,28.9,126,60,50,
6262_CMS,DF,1.7,18,90,80,
6262_CMS,DF,1.2,18,90,70,
6262_CMS,DF,1,16,100,80,
6262_CMS,WL,2.2,20,90,80,
6262_CMS,WL,3.7,33,90,80,
6262_CMS,WL,1.8,25,80,90,
6262_CMS,LP,1.6,19,90,80,
6262_CMS,LP,4,27,80,70,
6262_CMS,LP,4.5,35,80,60,
102861_DHN,LP,4.5,23,100,90,
102861_DHN,DF,2.3,16,100,90,
102861_DHN,DF,2,15,100,90,
25410_DMN,LP,3.2,27,70,50,
25410_DMN,LP,4.9,28,90,80,
25410_DMN,LP,4.4,32,70,60,
106403_MMN,PP,35.4,170,60,50,
106403_MMN,PP,17.4,106,80,60,
106403_MMN,PP,18.3,117,70,50,
106403_MMN,DF,12.5,90,90,80,
106403_MMN,DF,12.2,91,90,80,
106403_MMN,DF,7.1,55,90,80,
106403_MMN,RA,2.4,32,60,60,
106403_MMN,RA,3.1,31,80,70,
106403_MMN,RA,3,31,100,60,
105912_MMN,PP,16.9,74,90,70,
105912_MMN,PP,11.2,58,90,80,
105912_MMN,PP,14.7,65,80,70,
105912_MMN,DF,25.1,88,60,50,
105320_MMN,DF,39.6,165,60,50,
105320_MMN,DF,26.5,140,60,40,
105320_MMN,DF,34.4,174,60,40,
105320_MMN,PP,25.3,133,80,60,
105320_MMN,PP,37,167,70,60,
110098_DMN,BM,2.5,17,90,70,FT
110098_DMN,BM,1.8,15,90,80,FT
110098_DMN,BM,2,17,100,90,FT
110098_DMN,PP,7,33,90,70,
110098_DMN,DF,23.5,92,80,70,
110098_DMN,DF,18,88,90,80,
110098_DMN,DF,12.3,64,60,50,
103880_DMN,BM,3.1,26,80,50,
103880_DMN,BM,4,28,100,70,
103880_DMN,BM,2.3,19,100,40,
106310_MMN,BM,3,23,80,70,
106310_MMN,DF,6.2,29,100,80,
106310_MMN,BM,2.2,21,50,50,
106310_MMN,DF,24.8,99,70,70,
106310_MMN,DF,27.4,102,80,70,
106310_MMN,BM,2.9,22,100,80,
103244_DMN,DF,24.9,73,80,80,
103244_DMN,PP,19.1,73,80,60,
103244_DMN,PP,20.7,77,70,50,
093104_MMN,DF,6,40,80,70,FT and mistletoe
093104_MMN,DF,21.5,79,70,50,
093104_MMN,DF,12.7,68,80,50,
093104_MMN,PP,9.7,53,70,40,
093104_MMN,PP,7.1,25,100,60,
093104_MMN,PP,15.5,70,70,60,
093782_DMN,PP,7.8,33,60,50,
093782_DMN,DF,29.6,85,90,60,mistletoe
093782_DMN,PP,15.6,89,60,40,
093782_DMN,PP,12.5,59,60,50,
093782_DMN,DF,10.3,57,70,60,mistletoe
093782_DMN,DF,24.1,86,100,40,branches only on one side
093782_DMN,DF,5.3,28,100,90,
095094_CMN,DF,20,104,60,50,
095094_CMN,DF,1.7,15,100,100,
095094_CMN,DF,5.5,28,70,50,FT
095094_CMN,AS,3.5,21,80,60,
103757_MMN,PP,15.6,59,90,70,
103757_MMN,PP,5.1,34,70,50,
103757_MMN,PP,10.9,51,80,60,
103757_MMN,DF,21.8,108,70,60,
103757_MMN,DF,21.7,91,90,80,
103757_MMN,GF,9.3,62,100,70,
103757_MMN,GF,2.5,15,100,40,
103757_MMN,GF,30.6,124,100,90,
103757_MMN,DF,8.7,51,80,70,
104221_DMN,PP,18.1,80,60,50,
104221_DMN,PP,16.7,84,70,60,
104221_DMN,PP,13.5,81,60,50,
104221_DMN,DF,19.5,81,80,70,
104221_DMN,DF,17.5,79,70,60,
104221_DMN,DF,10.2,66,80,60,
104221_DMN,BM,7.2,33,90,30,
104221_DMN,BM,8.3,41,80,50,
104221_DMN,BM,11.6,46,80,50,
102098_MMN,GF,6.9,33,100,90,
102098_MMN,GF,10.2,67,100,90,
102098_MMN,GF,9.9,49,100,90,
102098_MMN,BM,6.6,50,90,70,
102098_MMN,BM,1.9,19,80,70,
102098_MMN,BM,2.2,24,80,60,
102101_DMN,PP,30.1,140,60,40,partial cut
102101_DMN,DF,15.4,78,80,60,
102101_DMN,DF,25.1,130,80,50,
102101_DMN,DF,32.7,15,80,60,
102101_DMN,BM,3.2,30,90,80,
102101_DMN,BM,4.2,33,90,80,
102101_DMN,BM,3.4,31,90,80,
102066_DMN,PP,22.5,93,70,60,
102066_DMN,PP,21.6,103,70,50,
102066_DMN,PP,19.2,96,70,50,
102066_DMN,BM,2.2,20,80,70,
102066_DMN,BM,2,18,70,60,
102066_DMN,BM,1.9,18,80,70,
102066_DMN,DF,4.8,31,100,90,
102066_DMN,DF,3.9,24,100,100,
102066_DMN,DF,6.2,28,100,90,
092866_CMN,DF,2.4,15,100,100,
092866_CMN,DF,2.2,15,100,100,
092866_CMN,DF,27.6,112,70,40,
100296_DMN,LP,3.4,18,40,30,almost dead
100296_DMN,PP,4,15,100,90,
100296_DMN,PP,16.9,56,70,60,
099119_MMN,DF,13,94,90,70,
099119_MMN,DF,10.9,75,60,50,
099119_MMN,DF,16.8,116,50,40,
099119_MMN,PP,16.3,125,40,30,
099119_MMN,PP,14.7,73,80,70,
099119_MMN,PP,9.1,30,70,60,
100963_DMS,PP,3.4,20,70,40,
100963_DMS,PP,5.9,22,90,80,
100963_DMS,PP,6.7,49,80,40,
100963_DMS,DF,4,25,100,100,
100963_DMS,DF,2.4,17,100,100,
100963_DMS,DF,3.7,26,100,100,
096590_DHS,LP,5.3,31,100,80,
096590_DHS,LP,6,29,100,90,
096590_DHS,LP,8.1,33,100,90,
096590_DHS,DF,3.2,20,100,80,
096590_DHS,PP,5.7,24,90,80,
096590_DHS,PP,6.2,21,100,90,
096590_DHS,PP,4.6,22,100,90,
096439_MHS,DF,1.7,15,100,90,
096439_MHS,DF,2.4,16,100,100,
096439_MHS,LP,5.2,22,100,90,
096439_MHS,LP,5.1,25,90,80,
096439_MHS,LP,5,22,100,90,
096439_MHS,PP,5.4,24,90,80,
096439_MHS,PP,7.6,26,90,80,
096439_MHS,PP,3.5,17,100,90,
097017_DMS,LP,2.7,18,90,80,
097017_DMS,LP,2.2,14,100,70,
097017_DMS,LP,2.2,18,80,70,
097017_DMS,PP,4.8,17,100,80,
097017_DMS,DF,6.4,30,100,90,
097017_DMS,PP,2.9,16,50,40,
097017_DMS,PP,3.9,14,50,40,
097017_DMS,DF,1.5,14,100,90,
097538_MMN,LP,2.3,17,100,90,
097538_MMN,DF,2,17,100,90,
097538_MMN,PP,2.3,16,80,70,
097538_MMN,DF,9.6,56,40,20,
097538_MMN,DF,4.6,25,70,50,
097538_MMN,LP,3.1,18,100,90,
096394_MHS,PP,4.2,17,90,70,
096394_MHS,PP,4.4,19,70,50,
096394_MHS,LP,3.8,23,100,90,
096394_MHS,DF,2.8,25,100,80,
096394_MHS,DF,1.5,14,100,90,
096394_MHS,DF,1.5,15,100,90,
096394_MHS,LP,3.9,27,100,90,
096394_MHS,PP,3.9,26,80,70,
096394_MHS,LP,5.6,30,90,80,
096517_DHS,PP,3.2,15,80,60,
096517_DHS,PP,6.6,32,80,70,
096517_DHS,PP,4.5,22,80,70,
096517_DHS,LP,4.1,30,90,80,
096517_DHS,LP,4.8,32,80,70,
096517_DHS,LP,3.7,21,90,70,
096517_DHS,DF,2,16,100,90,
096517_DHS,DF,2.5,18,100,90,
096517_DHS,DF,2,20,100,80,
097203_DMS,PP,25.6,90,80,60,
097203_DMS,PP,6,19,100,90,
097203_DMS,PP,2,24,NA,NA,Missing data
097021_DHS,LP,3.7,18,100,100,
097021_DHS,LP,3.8,21,100,90,
097021_DHS,LP,2.8,15,100,90,
097021_DHS,PP,3.5,14,100,90,
097021_DHS,PP,3.5,14,90,80,
097021_DHS,PP,3.8,15,100,90,
096166_DHS,PP,7.8,29,100,90,
096166_DHS,PP,8,17,90,80,
096166_DHS,PP,5.5,19,100,90,
096166_DHS,LP,5.4,23,100,90,
096166_DHS,LP,5.6,21,100,90,
096213_MHS,LP,4.3,20,100,80,
096213_MHS,DF,3.1,19,100,90,
096213_MHS,PP,6.8,21,100,90,
096213_MHS,PP,6.7,18,100,90,
096213_MHS,PP,6.3,22,100,80,
096213_MHS,LP,3.6,22,100,90,
096213_MHS,LP,6.1,27,100,90,
096526_MMN,PP,16.3,63,80,70,
096526_MMN,PP,13,62,50,40,
096526_MMN,DF,15.7,69,40,30,
096526_MMN,PP,17.2,67,40,30,
096219_MMN,PP,13.3,46,90,80,
096219_MMN,PP,17.4,72,60,50,
096219_MMN,PP,18.7,81,60,50,
096049_MHN,DF,5.3,30,100,90,
096049_MHN,PP,6.9,22,80,50,
096049_MHN,DF,2.6,19,100,90,
096049_MHN,LP,3.6,18,100,90,
096049_MHN,PP,8,22,90,80,
096049_MHN,PP,5.2,20,90,80,
096049_MHN,DF,5.8,31,100,100,
096049_MHN,LP,5.1,19,100,90,
096049_MHN,LP,4,23,70,60,
095892_CMN,PP,14.2,86,60,50,
095892_CMN,DF,51.9,167,70,50,
095892_CMN,PP,18.3,101,40,40,
095892_CMN,PP,26.6,147,80,70,
095892_CMN,DF,32.2,140,90,60,mistletoe
095892_CMN,AS,5,63,70,60,
095892_CMN,AS,4.2,58,60,60,
095892_CMN,AS,4.9,60,70,70,
095892_CMN,RC,5.9,35,100,90,
095892_CMN,RA,4.7,49,60,60,same base
095892_CMN,RA,5.3,43,70,60,same base
095892_CMN,RA,6.2,55,70,70,same base
101328_CHN,PP,3,16,100,90,Forked at the base with both stems same dbh and height
094526_DHN,BM,3,25,100,80,
094526_DHN,BM,4.4,26,100,80,
094526_DHN,BM,2.1,25,100,80,
094526_DHN,PP,33.8,132,70,50,
094526_DHN,DF,10.9,47,100,100,
092470_MMN,PP,16,74,90,70,
092470_MMN,PP,8.9,40,100,90,
092470_MMN,PP,12.5,52,80,60,
101255_MHN,PP,10.3,32,100,90,
101255_MHN,DF,5.8,30,100,100,
101255_MHN,PP,5.5,23,100,100,
101255_MHN,PP,3,14,100,80,
075276_MHS,PP,4.6,22,80,70,
075276_MHS,PP,4.5,25,80,70,
075276_MHS,PP,3.6,16,70,60,
075276_MHS,DF,2.2,15,100,90,
075276_MHS,DF,2.4,17,100,90,
075276_MHS,DF,3.9,22,100,100,
075237_MHS,PP,3.8,15,100,90,
075237_MHS,PP,4.4,20,90,80,
075237_MHS,PP,3.1,14,100,90,
075237_MHS,DF,3.4,16,100,100,
075237_MHS,DF,5.6,30,100,100,
075237_MHS,DF,3.6,17,100,100,
075566_MMS,DF,4.5,20,100,90,
075566_MMS,DF,3.7,20,100,100,
075566_MMS,DF,3.1,19,100,90,
075566_MMS,PP,4.7,18,100,90,
075566_MMS,PP,3.7,18,100,90,
075566_MMS,PP,2.4,15,90,80,
075449_DHS,PP,5.9,22,90,70,
075449_DHS,PP,7.2,25,90,90,
075449_DHS,PP,5.5,20,80,80,
075449_DHS,DF,2.3,16,100,90,
075449_DHS,DF,2,15,100,90,
075449_DHS,DF,4.1,24,100,90,
075451_MHS,DF,3,19,100,100,
075451_MHS,PP,3.7,17,90,80,
075451_MHS,PP,4.2,17,90,80,
075669_DHS,PP,5.7,18,80,80,
075669_DHS,PP,4.7,15,90,80,
075669_DHS,PP,4,16,90,80,
075669_DHS,PP,3.7,14,90,90,
075669_DHS,PP,4.6,17,90,80,
5799_CMS,WL,14.8,91,50,40,
5799_CMS,DF,28,98,70,60,
5799_CMS,WL,18,107,80,60,
5799_CMS,WL,18.4,108,80,50,
5799_CMS,LP,1.7,16,70,50,
5799_CMS,WL,2.1,17,90,70,
5799_CMS,LP,3.1,21,70,50,
5799_CMS,LP,2,18,80,60,
5799_CMS,DF,2.3,17,90,70,
5799_CMS,DF,1.8,15,90,80,
5647_CMS,DF,11.4,49,70,50,
5647_CMS,WL,16.7,109,60,60,
5647_CMS,DF,7.2,26,80,30,
5647_CMS,WL,3.2,24,90,80,
5647_CMS,WL,4.4,28,90,80,
5647_CMS,LP,2.2,17,100,90,
5647_CMS,DF,7.6,38,80,50,
5647_CMS,SF,11,59,100,90,
5647_CMS,LP,1.8,15,100,90,
78893_CMS,DF,15.3,69,100,100,mistletoe
78893_CMS,DF,7.9,36,60,40,mistletoe
78893_CMS,DF,7.9,45,90,70,mistletoe
78871_DMS,DF,14.4,62,70,60,
78871_DMS,WL,7.5,54,70,60,
78871_DMS,PP,33.3,148,70,60,
78871_DMS,WL,3.1,19,100,90,
78871_DMS,WL,3,21,100,90,
78871_DMS,PP,3.2,16,90,80,
78871_DMS,PP,4.1,20,100,90,
78871_DMS,DF,3.7,20,100,100,
78871_DMS,DF,2.1,15,100,90,
78871_DMS,LP,2.4,17,90,70,
86248_CMS,WL,1.9,19,100,90,
86248_CMS,WL,2,21,100,90,
86248_CMS,WL,1.7,16,100,90,
88272_DMN,WL,3.3,20,100,90,
88272_DMN,DF,6.9,36,100,90,
88272_DMN,DF,11.5,47,100,90,
88272_DMN,DF,5,25,100,90,
80175_CHS,LP,4,20,100,90,
80175_CHS,LP,4.1,22,100,90,
80175_CHS,LP,3.8,20,90,80,
79564_DMN,DF,9.1,31,90,90,
79564_DMN,DF,3.9,17,100,90,
79564_DMN,DF,13.1,50,90,70,
79564_DMN,LP,2.8,18,100,80,
79564_DMN,LP,3.6,19,100,90,
79564_DMN,LP,4,21,100,90,
79564_DMN,WL,2.1,17,100,80,
79564_DMN,WL,2.5,19,90,70,
79564_DMN,WL,1.5,18,90,70,
87566_DMN,DF,12.9,51,60,50,
87566_DMN,DF,5.6,36,60,50,
87566_DMN,DF,12.7,60,60,50,
87160_CHS,AS,0.9,13,60,60,
87160_CHS,AS,0.9,13,60,60,
87160_CHS,AS,1.1,15,60,50,
87160_CHS,WL,1.8,17,100,90,
87160_CHS,WL,1.9,18,100,90,
87160_CHS,WL,3.2,23,100,90,
87160_CHS,DF,1.6,16,100,90,
87160_CHS,DF,1.8,17,100,90,
87160_CHS,DF,2,19,100,90,
87160_CHS,LP,3.2,22,90,80,
87160_CHS,LP,2.2,19,90,80,
87160_CHS,LP,2.8,20,90,80,
78436_CMS,WL,11.4,66,80,60,
78436_CMS,WL,12.6,71,70,60,
78436_CMS,WL,2.6,16,100,90,
78436_CMS,LP,2.2,17,90,80,
79078_CMS,LP,1.5,16,50,30,
79078_CMS,LP,3,21,50,40,
79078_CMS,LP,2.5,20,40,20,
79078_CMS,WL,1.5,19,80,70,
79078_CMS,WL,1.2,16,60,40,
79078_CMS,WL,1.1,16,70,50,
14209_DHN,DF,2.7,26,90,80,
14209_DHN,DF,3.3,24,90,80,
14209_DHN,DF,1.4,14,100,90,
14209_DHN,RA,2.9,25,100,80,
14209_DHN,RA,1.9,22,100,80,
14209_DHN,RA,2,23,100,80,
14209_DHN,SF,3.6,21,100,90,
14209_DHN,SF,3.4,32,80,70,
14209_DHN,WL,2.1,15,100,90,
14209_DHN,WL,3.4,34,100,90,
14209_DHN,WL,2,20,100,90,
14209_DHN,LP,3.5,35,70,50,
14209_DHN,LP,3.8,29,80,60,
14209_DHN,LP,4.9,43,70,50,
14209_DHN,ES,2.7,24,100,90,
14209_DHN,ES,2.1,17,100,90,
14209_DHN,ES,3,29,100,90,
7520_CMN,WL,1.7,14,90,80,
7520_CMN,WL,3.7,24,90,80,
7520_CMN,WL,4.4,27,90,80,
7520_CMN,RA,5.3,44,70,50,
7520_CMN,RA,3.8,40,70,50,
7520_CMN,RA,1.4,21,80,60,
999901_DMN,DF,10.9,70,60,50,
999901_DMN,DF,2.2,17,100,90,
999901_DMN,DF,3.2,24,100,90,
999901_DMN,WL,1.9,15,100,90,
999901_DMN,WL,2.3,17,100,90,
999901_DMN,WL,3.9,29,100,90,
5445_DMN,PP,4.7,18,90,80,
5445_DMN,WL,3,16,100,90,
5445_DMN,DF,3.2,21,100,90,
5445_DMN,DF,2.4,16,100,90,
5445_DMN,DF,2.6,18,100,90,
83089_CHN,DF,2.1,17,100,90,
83089_CHN,DF,1.8,15,100,90,
83089_CHN,DF,2,17,100,90,
83089_CHN,WL,1.4,15,100,90,
83089_CHN,WL,3.5,23,100,90,
83089_CHN,WL,2,17,100,90,
83089_CHN,LP,3.9,23,100,90,
83089_CHN,LP,3.5,21,100,90,
83089_CHN,LP,2.8,19,90,80,
83089_CHN,AS,0.7,17,60,50,
83089_CHN,AS,0.7,17,60,50,
83089_CHN,AS,0.9,20,60,50,
86919_CMN,LP,1.5,15,80,70,
86919_CMN,LP,2.1,19,80,70,
86919_CMN,LP,1.7,17,80,70,
86919_CMN,SF,2.4,23,100,90,
86919_CMN,SF,1.9,21,100,90,
86919_CMN,SF,2.6,25,100,90,
86919_CMN,WL,1.6,15,100,90,
86919_CMN,WL,1.5,16,100,90,
86919_CMN,WL,1.9,16,100,90,
78789_DMS,WL,3.4,20,100,90,
78789_DMS,PP,6.4,19,90,80,
78789_DMS,WL,5.4,27,100,90,
78789_DMS,DF,4,24,100,90,
78789_DMS,WL,4.6,27,90,70,
78789_DMS,DF,3.6,19,100,90,
78789_DMS,PP,2.6,15,80,70,
78789_DMS,DF,2.7,15,100,100,
79379_CMN,WL,29.1,137,60,50,
79379_CMN,WL,22.7,126,30,30,BT last 4 feet
79379_CMN,WL,23.1,110,60,30,
79379_CMN,DF,14.4,96,60,30,
78303_DMS,DF,14.9,70,70,50,
78303_DMS,DF,17.8,58,100,90,mistletoe
78303_DMS,WL,21.5,86,70,60,
78303_DMS,WL,24.1,88,80,70,
78303_DMS,DF,10.4,49,90,80,
78303_DMS,WL,2.1,18,80,70,
78323_DMS,DF,18,90,80,70,
78323_DMS,DF,8.4,40,60,50,
78323_DMS,DF,6.8,39,90,70,
78323_DMS,WL,17.7,94,80,70,
78323_DMS,WL,2,17,100,90,
78323_DMS,WL,13.3,89,70,60,
84386_CHS,WL,3.1,23,100,90,
84386_CHS,WL,1,16,100,90,
84386_CHS,AS,0.9,17,40,20,
84386_CHS,LP,2,19,100,90,
84386_CHS,LP,3,21,90,80,
84386_CHS,DF,2.2,23,100,90,
84386_CHS,PP,4.5,21,60,50,
84386_CHS,PP,4.6,22,90,80,
84386_CHS,DF,2.1,22,100,90,
85196_CMS,LP,4.2,24,90,80,
85196_CMS,LP,3.1,18,100,90,
85196_CMS,LP,3.2,17,90,70,
85196_CMS,DF,2.1,16,100,100,
85196_CMS,DF,2,15,100,90,
85196_CMS,DF,2.2,20,90,80,
85196_CMS,DF,2,18,100,80,
85196_CMS,WL,2.8,21,90,80,
85196_CMS,WL,3.8,20,100,100,
85196_CMS,WL,3.5,23,100,90,
79948_CMN,DF,12.5,46,60,50,
79948_CMN,LP,1.9,15,90,80,
79948_CMN,DF,29.5,106,70,50,
79948_CMN,WL,15.8,96,50,40,
79948_CMN,WL,1.2,14,90,80,
79948_CMN,WL,1,15,90,80,
79948_CMN,LP,1.8,16,80,70,
79948_CMN,LP,1.4,16,90,80,
79948_CMN,DF,2.3,16,100,90,
83076_DHN,LP,4.2,24,100,90,
83076_DHN,LP,2.5,17,100,90,
83076_DHN,LP,4.6,27,100,90,
79534_CMN,WL,28.5,150,50,20,
79534_CMN,DF,1.9,15,100,90,
79534_CMN,DF,1.7,14,100,90,
79534_CMN,WL,2.2,16,100,90,
79534_CMN,DF,23.2,95,50,40,
79534_CMN,AS,1,15,70,50,
79534_CMN,DF,1.5,15,100,90,
79534_CMN,RA,2.8,21,70,60,
79534_CMN,RA,1.1,17,60,50,
79534_CMN,RA,1.9,18,70,50,
6011_CMN,PP,16.1,64,50,40,
6011_CMN,DF,14,52,50,50,dead top sick with mistletoe
6011_CMN,PP,2.7,15,90,80,
6011_CMN,DF,2.3,16,100,90,
6011_CMN,PP,2.9,14,80,70,
6011_CMN,WL,2.8,17,90,80,
6011_CMN,WL,2.4,15,90,80,
6011_CMN,WL,1.9,15,100,90,
6011_CMN,DF,1.7,13,90,80,
8896_DHN,DF,2.4,13,100,90,
8896_DHN,LP,4.1,16,100,90,
8896_DHN,DF,3,17,100,90,
8896_DHN,DF,3.9,17,100,90,
18446_CMN,DF,3.5,24,80,60,
18446_CMN,DF,1.6,14,90,80,
18446_CMN,DF,3.9,30,80,60,
18446_CMN,LP,5.3,25,80,40,
18446_CMN,LP,4.8,37,80,70,
18446_CMN,LP,1.2,16,30,20,almost dead
18446_CMN,WL,3.2,28,80,70,
18446_CMN,WL,3.2,31,80,70,
18446_CMN,WL,4.5,37,80,70,
142089_MMS,WL,1.2,13,70,60,
142089_MMS,WL,1.2,13,90,80,
142089_MMS,WL,2.1,14,90,70,
142089_MMS,LP,1.3,13,70,60,
142089_MMS,LP,2.1,13,80,70,
142094_MHS,WL,1.9,16,70,60,
142094_MHS,WL,1.6,16,70,60,
142094_MHS,WL,1.5,15,70,60,
151167_DHS,WL,2.1,16,100,90,
151167_DHS,WL,2,18,100,90,
151167_DHS,WL,1.5,14,100,90,
151547_CHN,LP,2.3,16,100,90,
151547_CHN,LP,1.9,15,100,90,
151547_CHN,LP,2,17,100,90,
151547_CHN,WL,1.3,14,100,80,
151547_CHN,LP,2.3,18,100,70,
145501_CMN,DF,15.9,64,70,40,
145501_CMN,ES,5.3,24,90,80,
145501_CMN,WL,6.9,41,70,50,
145501_CMN,DF,13.4,69,80,60,
145501_CMN,LP,11.1,40,80,70,
145501_CMN,ES,8.3,25,100,90,
145501_CMN,WL,16.2,66,90,60,
145501_CMN,AS,2,14,80,50,
145501_CMN,SF,8.1,46,90,70,
146422_CHN,LP,1.8,14,90,60,
146422_CHN,DF,2.1,14,100,80,
146422_CHN,WL,2.1,15,100,90,
146422_CHN,WL,2.1,14,100,90,
146422_CHN,WL,2.3,14,100,100,
146422_CHN,WL,1.8,14,100,90,
146422_CHN,WL,1.7,14,100,90,
146422_CHN,WL,1.5,14,100,100,
146422_CHN,WL,1.8,14,100,100,
143900_DHS,LP,1.3,14,90,60,
143900_DHS,LP,1.7,14,90,50,
143900_DHS,LP,1.9,14,80,70,
143900_DHS,WL,1.6,15,90,90,
143900_DHS,WL,1.8,14,100,100,
143900_DHS,WL,1.3,14,90,80,
143900_DHS,WL,1.9,15,100,90,
143900_DHS,WL,1.8,18,100,90,
143900_DHS,WL,1.8,18,100,90,
143891_MHS,LP,1.8,16,80,40,
143891_MHS,LP,1.8,16,90,50,
143891_MHS,LP,1.4,14,80,60,
143891_MHS,WL,1.2,15,80,40,
143891_MHS,WL,1.4,14,70,50,
143891_MHS,WL,1.9,14,90,80,
143891_MHS,AS,1.4,18,50,20,
143891_MHS,AS,1,16,50,40,
143891_MHS,AS,0.9,15,50,20,
144066_DHS,AS,1.3,16,70,50,
144066_DHS,WL,2,18,100,90,
144066_DHS,WL,1.5,16,80,50,
144066_DHS,LP,1.9,19,80,60,
144469_MMN,DF,3.7,19,100,80,
144469_MMN,DF,8.3,40,100,90,
144469_MMN,DF,9.6,50,90,80,
144469_MMN,WL,10.2,63,80,60,
144469_MMN,WL,3.7,29,90,80,
144469_MMN,WL,5.4,36,80,80,
144469_MMN,SF,3.3,17,80,70,
144469_MMN,LP,4.1,19,100,90,
144469_MMN,SF,2.1,14,100,90,
151286_DHS,WL,1.8,16,100,90,
151286_DHS,WL,1.6,15,100,90,
151286_DHS,WL,2,15,100,90,
150203_DHS,WL,2.2,14,100,90,
150203_DHS,WL,1.5,14,90,80,
150203_DHS,WL,1.4,14,90,80,
150280_MMS,WL,1.5,16,100,90,
150280_MMS,WL,1.4,14,100,90,
150280_MMS,WL,0.9,14,100,90,
150280_MMS,LP,1.4,14,90,70,
150280_MMS,LP,1.7,15,100,90,
150280_MMS,AS,0.8,14,50,50,
150280_MMS,AS,0.8,15,50,40,
150280_MMS,AS,0.7,15,60,50,
142655_MHS,WL,2.1,18,90,80,
142655_MHS,WL,1.7,18,90,80,
142655_MHS,WL,1.4,16,90,70,
142655_MHS,LP,2.6,17,90,80,
143096_DMS,WL,11.8,86,60,50,
143096_DMS,WL,1.2,13,90,80,
143096_DMS,WL,2,16,80,70,
143096_DMS,LP,2.1,14,80,70,
143096_DMS,LP,1.9,14,80,70,
143096_DMS,LP,1.9,15,80,70,
143643_MHS,WL,2.6,23,100,90,
143643_MHS,WL,1.3,15,100,90,
143643_MHS,WL,1.6,18,100,90,
143643_MHS,LP,1.6,17,90,80,
143643_MHS,LP,1.5,16,90,80,
143643_MHS,LP,1.5,16,90,80,
143643_MHS,AS,0.8,14,50,40,
143643_MHS,AS,0.8,14,40,40,
143643_MHS,AS,0.8,15,40,40,
143643_MHS,DF,1.1,14,100,90,
143643_MHS,DF,1.4,16,100,90,
143643_MHS,DF,1,14,100,90,
144753_MMS,LP,2.2,15,100,90,
144753_MMS,LP,2,14,100,90,
144753_MMS,LP,1.6,14,100,90,
144753_MMS,WL,1.6,15,100,90,
144753_MMS,WL,1.5,15,100,90,
144753_MMS,WL,2.1,16,100,90,
144753_MMS,AS,1,17,90,80,
144753_MMS,AS,0.6,14,90,80,
144753_MMS,DF,1.9,17,100,90,
144753_MMS,DF,28.7,94,50,40,
144753_MMS,DF,3.1,18,80,70,
144753_MMS,DF,4.7,23,90,80,
144753_MMS,ES,3.6,23,100,90,
144753_MMS,ES,3.1,22,100,90,
144753_MMS,SF,2.9,20,100,90,
144753_MMS,SF,3,21,100,90,
144753_MMS,SF,2.4,16,100,90,
143994_MMN,DF,11.8,70,60,40,
143994_MMN,DF,16.7,87,40,30,
143994_MMN,DF,12.4,80,40,30,
143994_MMN,WL,7.3,84,50,40,
143994_MMN,WL,11.9,85,50,40,
143994_MMN,RC,3.1,21,70,60,
143994_MMN,RC,3.6,24,70,60,
143994_MMN,RC,5,28,80,70,
143994_MMN,WL,13,92,60,50,
146740_MHN,DF,32.4,102,60,40,
146740_MHN,DF,24.5,88,60,50,
146740_MHN,DF,12.7,55,40,30,
151435_CHS,WL,1.3,14,90,80,
151435_CHS,WL,1.8,15,100,90,
151435_CHS,WL,1.2,15,100,90,
151435_CHS,AS,1.1,14,60,50,
151435_CHS,AS,1,14,60,50,
151435_CHS,AS,1,14,50,40,
151435_CHS,LP,1.6,14,100,60,
151435_CHS,DF,1.4,14,100,70,
150393_MHS,AS,0.8,14,80,40,
150393_MHS,AS,0.7,15,40,30,
150393_MHS,LP,2.5,18,100,60,
150393_MHS,AS,1.2,18,70,40,
150393_MHS,WL,1.8,16,90,80,
150393_MHS,WL,1.9,15,100,80,
150393_MHS,WL,2,16,100,90,
150393_MHS,LP,1.8,14,90,80,
150393_MHS,LP,1.9,14,100,90,
150180_MHS,WL,1.9,14,90,90,severe open wounds
150180_MHS,WL,2,15,100,100,
150180_MHS,WL,1.6,14,90,80,
142455_MMS,WL,1.4,14,80,70,
142455_MMS,WL,1.8,14,90,80,
142455_MMS,WL,1.7,15,80,70,
142283_DMS,WL,2.1,16,90,80,
142283_DMS,WL,2.3,15,90,80,
142283_DMS,WL,1.6,14,80,80,
141866_MMS,AS,1.3,14,20,10,
141866_MMS,AS,1,17,40,20,
141866_MMS,WL,3.6,28,100,100,
141866_MMS,WL,4.2,24,90,80,
141866_MMS,WL,2.1,20,90,80,
141866_MMS,LP,2.5,19,80,50,
141866_MMS,LP,1.8,14,90,60,
141866_MMS,LP,1.4,16,80,60,
141866_MMS,AS,2,22,40,30,
057666_CHN,WL,1.9,15,100,90,
057666_CHN,WL,0.9,14,100,90,
057666_CHN,LP,3.4,16,100,90,
057666_CHN,LP,2.1,14,100,90,
057666_CHN,LP,2.5,18,100,90,
057666_CHN,DF,1.9,15,100,90,
057666_CHN,DF,3.2,19,100,90,
057666_CHN,DF,2.4,17,100,90,
057666_CHN,GF,3,15,100,90,
057666_CHN,GF,2.7,14,100,90,
057666_CHN,GF,3.6,20,100,90,
057666_CHN,SF,2.1,14,100,90,
052846_MMN,PP,3.9,14,100,90,
052846_MMN,PP,4.3,14,90,80,
052846_MMN,PP,4.8,15,90,70,
052846_MMN,PP,10.3,23,90,80,
052846_MMN,DF,3.9,18,100,90,
052846_MMN,DF,2.7,16,100,90,
052846_MMN,DF,4.7,22,100,90,
052846_MMN,SF,2.5,18,100,90,
052846_MMN,SF,3,18,100,90,
052846_MMN,SF,3.1,18,100,90,
052846_MMN,LP,3.8,17,100,90,
052846_MMN,GF,2.1,14,100,90,
073131_DMS,PP,5.2,17,100,100,
064555_MMN,PP,4,16,100,90,
064555_MMN,PP,3.4,15,100,90,
056945_MHN,DF,2.6,14,100,90,
056945_MHN,PP,3.9,16,80,70,
056945_MHN,DF,3.3,15,100,100,
056945_MHN,LP,2.6,17,100,80,
056945_MHN,LP,3.8,15,100,90,
056945_MHN,PP,4.5,16,90,70,
056945_MHN,PP,4.7,17,90,80,
056945_MHN,DF,4.2,20,100,90,
053850_CMN,LP,4.2,19,90,80,
053850_CMN,LP,4.1,18,90,80,
053850_CMN,LP,4.2,15,100,90,
052618_CHN,PP,3.7,15,90,70,
052618_CHN,PP,3.5,15,90,70,
052618_CHN,PP,3.2,14,90,80,
052618_CHN,LP,2.9,20,90,70,
052618_CHN,LP,3.3,18,90,80,
052618_CHN,LP,4.9,28,90,70,
052618_CHN,DF,4.4,30,90,80,
052618_CHN,DF,3.9,19,100,90,
052618_CHN,DF,2.8,21,90,80,
052618_CHN,GF,2.3,14,100,90,
067057_MMN,DF,20.9,69,100,90,
067057_MMN,DF,32.6,101,90,80,
067057_MMN,DF,3.4,14,100,90,
067057_MMN,GF,11.3,49,100,100,
053424_CHN,DF,2,17,80,70,
053424_CHN,DF,2.9,18,100,90,
053424_CHN,DF,1.8,16,100,90,
053424_CHN,LP,2.6,15,80,70,
053424_CHN,LP,3.5,19,90,80,
053424_CHN,LP,4.3,23,90,80,
053352_CHN,LP,5.3,18,100,90,
053352_CHN,LP,4.4,17,100,90,
053352_CHN,LP,4,22,100,90,
053352_CHN,DF,1.9,15,100,90,
053352_CHN,DF,2.1,14,100,90,
053352_CHN,DF,3.2,15,100,90,
053352_CHN,SF,1.9,14,100,90,
053352_CHN,SF,2.2,14,100,90,
142348_MMN,RC,13.7,79,60,40,
142348_MMN,RC,17.2,36,80,70,
142348_MMN,DF,8.1,44,90,70,
053372_CHN,LP,2.1,14,60,50,
053372_CHN,LP,2,14,70,60,
053372_CHN,LP,2.3,17,80,60,
049617_CHN,LP,6.5,36,80,70,
049617_CHN,LP,5.2,29,70,50,
049617_CHN,LP,5.2,24,80,50,
049617_CHN,DF,2.5,17,80,70,
049617_CHN,DF,4.2,33,70,60,
049617_CHN,DF,4.5,32,80,70,
049617_CHN,GF,1.9,14,90,80,
049617_CHN,GF,2.4,17,90,80,
049617_CHN,GF,2.4,20,90,80,
054505_MHN,DF,3.1,22,100,90,
054505_MHN,SF,4.9,24,100,90,
054505_MHN,SF,4.4,22,100,90,
054505_MHN,SF,7.9,26,100,90,
054505_MHN,DF,4.1,22,100,90,
054505_MHN,DF,2.4,15,90,80,
046653_CHN,LP,6.7,29,100,90,
046653_CHN,PP,4.7,15,100,90,
046653_CHN,PP,8.7,31,100,90,
046653_CHN,PP,5,18,100,90,
046653_CHN,DF,3.3,20,100,90,
046653_CHN,DF,2.8,21,100,90,
046788_CMN,DF,4.8,28,100,90,
046788_CMN,DF,5.2,29,100,90,
046788_CMN,DF,3.7,20,100,90,
046788_CMN,GF,2.7,19,100,90,
046788_CMN,GF,2.8,19,100,90,
046788_CMN,GF,2.2,15,100,90,
046788_CMN,PP,6.2,22,100,90,
046788_CMN,PP,3.8,15,100,90,
046788_CMN,PP,6.3,24,100,90,
046788_CMN,LP,3.3,21,100,90,
046788_CMN,LP,4.2,19,100,90,
046788_CMN,LP,5.1,23,100,90,
050173_CHN,LP,2.8,16,70,60,
050173_CHN,LP,2.2,16,60,50,
050173_CHN,LP,2.5,15,70,60,
050173_CHN,DF,2.1,14,90,70,
050173_CHN,DF,2.8,17,100,90,
050173_CHN,DF,2,19,70,60,
052714_DHN,PP,2.6,16,100,70,
075046_MMS,DF,4.8,19,100,100,
075046_MMS,DF,3.2,21,100,90,
075046_MMS,DF,2.6,16,100,90,
075046_MMS,PP,4.4,18,90,80,
075046_MMS,PP,4.5,19,90,80,
075046_MMS,PP,4.9,21,100,90,
075049_DHS,PP,3.2,15,80,70,
075049_DHS,PP,3.8,16,70,60,
075049_DHS,PP,4.2,18,90,80,
075049_DHS,DF,2.4,18,100,90,
075049_DHS,DF,2.2,17,100,100,
075049_DHS,DF,3.2,22,100,100,
075095_MHS,DF,1.9,15,100,100,
075095_MHS,DF,3.6,22,100,90,
075095_MHS,DF,3.1,19,100,100,
075095_MHS,PP,2.8,16,90,80,
075095_MHS,PP,2.6,15,100,90,
075095_MHS,PP,4.9,21,90,80,
075256_DHS,DF,4.3,29,100,90,
075256_DHS,DF,2.9,24,100,90,
075256_DHS,DF,3.8,26,100,90,
075256_DHS,PP,4.9,23,80,70,
075256_DHS,PP,4.7,21,90,80,
075256_DHS,PP,5.3,20,100,90,
076213_DHS,PP,3.4,15,100,60,
076166_MMS,DF,4,21,100,90,
076166_MMS,PP,4.7,15,100,90,
076166_MMS,DF,2.5,14,100,90,
076104_DMS,PP,6.1,19,80,70,
076128_DMS,PP,5.6,18,100,70,
076128_DMS,PP,7.5,19,100,80,
047908_MHN,DF,12.8,65,50,40,
047908_MHN,DF,11.4,65,50,40,
047908_MHN,LP,1.9,14,70,60,
047908_MHN,LP,2,15,70,60,
047908_MHN,LP,2.2,16,70,60,
047652_MHN,LP,1.8,NA,60,40,Only 'Live' is written in each height column. I think they forgot to actually get the heights
047652_MHN,LP,1.9,NA,70,50,
047652_MHN,LP,1.7,NA,70,60,
047652_MHN,DF,1.6,NA,100,80,
047652_MHN,DF,2,NA,80,70,
047652_MHN,DF,1.7,NA,90,80,
047652_MHN,PP,1.5,NA,40,30,
047389_MMN,DF,4.4,30,100,90,
047389_MMN,DF,2.2,16,100,90,
047389_MMN,DF,2.1,15,100,90,
047389_MMN,PP,5.1,27,80,60,
047389_MMN,PP,3.1,20,80,70,
047389_MMN,PP,2.5,19,80,60,
047389_MMN,PP,3,19,70,60,
047389_MMN,LP,2,14,90,80,
047389_MMN,LP,1.7,14,90,80,
047389_MMN,LP,2.1,16,90,80,
047389_MMN,GF,2.1,18,100,90,
047389_MMN,GF,2.7,29,100,90,
047389_MMN,GF,2.3,22,100,90,
046968_CMN,DF,2.8,29,90,80,
046968_CMN,DF,2.2,20,100,90,
046968_CMN,DF,2,18,100,90,
046968_CMN,LP,2.5,17,90,80,
046968_CMN,LP,2.3,18,80,70,
046968_CMN,LP,3.2,25,90,70,
046968_CMN,PP,1.5,14,40,30,
046968_CMN,PP,1.8,16,40,30,
046968_CMN,PP,1.8,17,40,30,
046968_CMN,GF,1.6,15,90,80,
046968_CMN,GF,2.2,20,90,80,
046968_CMN,GF,1.4,14,80,60,
075880_MMS,DF,3.9,16,100,100,
050578_MMN,PP,17.7,60,30,70,
050578_MMN,LP,2,17,70,60,
050578_MMN,LP,2.1,15,70,60,
050578_MMN,LP,2.8,20,80,70,
050578_MMN,DF,2.3,20,100,90,
050578_MMN,DF,2.7,20,90,80,
050578_MMN,DF,14.6,68,50,40,
050820_MHN,PP,2.2,15,30,20,
050820_MHN,PP,4.9,21,30,30,
050820_MHN,PP,2.8,18,40,20,
050820_MHN,LP,3.2,20,50,30,
050820_MHN,LP,2.9,22,70,60,
050820_MHN,LP,2.5,19,60,50,
050820_MHN,DF,3.3,24,100,80,
050820_MHN,DF,3,24,90,70,
80738_CHN,LP,1.6,18,60,40,
80738_CHN,LP,1.7,18,50,40,
80738_CHN,LP,1.7,15,60,50,
80738_CHN,WL,0.8,14,90,80,
80561_CHS,LP,3,24,90,80,
80561_CHS,LP,1.7,19,80,70,
80561_CHS,LP,3.9,25,100,90,
80561_CHS,WL,2.1,18,90,80,
80561_CHS,WL,2.5,19,100,90,
80561_CHS,WL,2,20,100,90,
80561_CHS,DF,2.6,19,100,90,
80561_CHS,DF,1.9,16,100,90,
80561_CHS,DF,2.2,18,100,90,
24976_CHN,LP,1.4,24,80,70,
24976_CHN,LP,2.4,30,90,80,
24976_CHN,LP,4.2,33,90,80,
24976_CHN,DF,1.6,23,100,90,
24976_CHN,WL,1.8,27,90,80,
24976_CHN,PP,1.9,23,70,60,
24976_CHN,PP,2,23,70,60,
27971_CMN,LP,2,17,50,40,
27971_CMN,LP,2,17,50,30,
27971_CMN,LP,2.3,19,80,70,
27971_CMN,DF,2.3,19,100,60,
27971_CMN,DF,4.1,22,100,90,
27971_CMN,DF,2.8,18,100,80,
27971_CMN,WL,4,29,80,70,
27971_CMN,WL,3.3,21,90,70,
27971_CMN,WL,3.2,23,80,70,
131141_CHN,AS,0.9,14,80,60,
131141_CHN,AS,1,16,80,60,
131141_CHN,AS,1,16,80,60,
148948_MMN,ES,6.5,40,80,60,
148948_MMN,ES,2.6,16,60,40,
148948_MMN,ES,2.2,15,60,60,
148948_MMN,RC,1.9,14,100,90,
148948_MMN,RC,1.3,12,100,90,
148948_MMN,RC,3.1,18,80,70,
148948_MMN,LP,8.5,46,60,60,
148948_MMN,WL,11.3,52,70,70,
148948_MMN,WL,10.8,53,80,70,
148948_MMN,WL,11.7,58,90,90,
148948_MMN,DF,5.2,24,60,60,
148948_MMN,DF,8.5,39,60,60,
148948_MMN,DF,11.3,46,60,50,
148948_MMN,AS,2.2,20,50,30,
148948_MMN,AS,2,19,40,20,
148948_MMN,BH,2,27,40,30,Birch
149492_CHN,WL,2.3,17,100,100,
149492_CHN,WL,1.9,15,100,90,
149492_CHN,WL,1.9,14,90,80,
149492_CHN,AS,1.6,15,60,40,
149492_CHN,AS,1.4,15,60,60,
149492_CHN,AS,1,15,60,60,
149492_CHN,LP,1.9,12,80,80,
149492_CHN,LP,3.5,18,90,90,
149492_CHN,LP,3.2,18,80,70,
131853_CMN,DF,12.8,70,90,70,
131853_CMN,DF,10.7,40,90,90,
131853_CMN,PP,38.1,164,70,50,
131853_CMN,PP,39.5,162,60,50,
131853_CMN,DF,18.4,113,80,50,
134794_DMN,DF,21.1,105,60,50,
134794_DMN,DF,9.1,53,70,40,
134794_DMN,DF,11.3,56,60,40,
134794_DMN,PP,16.9,72,40,30,
134794_DMN,PP,14.1,70,60,50,
134794_DMN,PP,16.8,92,50,40,
135238_DMN,PP,8.1,42,70,50,
135238_DMN,PP,10.1,39,80,70,
135238_DMN,DF,4.7,25,70,50,
135238_DMN,PP,15.5,75,70,50,
135238_DMN,DF,6.8,38,90,70,
135238_DMN,DF,4.9,24,90,70,
130251_CMN,DF,25.7,149,70,60,
130251_CMN,RA,3.2,30,90,80,
130251_CMN,RA,4.2,27,90,80,
130251_CMN,RA,2.4,23,80,80,
130351_DHN,DF,13.5,86,60,30,
005560_CMS,ES,1.6,14,60,40,
005560_CMS,ES,2.1,15,60,50,
005560_CMS,WL,6.1,43,100,90,
005560_CMS,WL,7.1,32,100,90,
005560_CMS,WL,2.4,17,80,70,
005560_CMS,DF,2,16,70,60,
005560_CMS,DF,3.4,23,70,70,
005560_CMS,DF,3.3,23,70,60,
005560_CMS,PP,4.1,20,50,40,
005560_CMS,PP,4.2,27,60,40,
005560_CMS,PP,6.6,29,50,40,
008124_CHN,LP,2.5,16,90,90,
008124_CHN,LP,2.9,15,80,80,
008124_CHN,LP,2.8,18,80,50,
008124_CHN,WL,3.3,16,80,70,
008124_CHN,WL,1.7,14,100,80,
008124_CHN,WL,2.6,18,90,80,
144496_MMN,DF,8.9,46,70,50,
144496_MMN,DF,8.5,48,50,30,
144496_MMN,DF,3.3,26,50,30,
144496_MMN,WL,9.3,62,50,40,
144496_MMN,WL,7.8,72,40,20,
144496_MMN,WL,6.5,56,30,10,
144419_MHN,LP,2,14,100,90,
144419_MHN,LP,2.1,14,100,90,
144419_MHN,WL,1.9,14,90,80,
144419_MHN,LP,1.8,14,100,90,
145155_MMN,ES,4.3,15,100,90,
145155_MMN,ES,2.6,23,100,90,
145155_MMN,WL,3.3,24,100,80,
145155_MMN,WL,1.6,15,100,90,
145155_MMN,DF,1.4,14,100,90,
145155_MMN,DF,11.1,45,70,50,
145155_MMN,ES,4.2,20,100,90,
145155_MMN,SF,3.5,16,100,80,
145155_MMN,WL,23.9,101,80,70,
150206_CMS,RC,2,19,100,90,
150206_CMS,WL,6.3,40,80,70,
150206_CMS,WL,1.6,17,50,50,
150206_CMS,WL,1,13,60,50,
150206_CMS,DF,1.9,13,100,100,
150206_CMS,DF,11.6,23,90,90,
150206_CMS,DF,5.5,28,60,40,
150206_CMS,AS,1.1,17,50,40,
150206_CMS,AS,1,15,50,40,
150206_CMS,AS,0.8,13,40,30,
150206_CMS,RC,2.4,18,100,90,
150206_CMS,RC,11.2,69,80,70,
150206_CMS,RC,15.8,77,80,50,
150206_CMS,ES,6.4,32,80,70,
150206_CMS,ES,3.3,23,100,80,
150206_CMS,ES,3.1,20,100,90,
150206_CMS,SF,5.5,25,100,90,
150206_CMS,SF,5.1,27,100,90,
150368_MHN,LP,2.4,13,90,80,
150368_MHN,LP,2.1,15,80,70,
150368_MHN,LP,2.1,14,90,90,
150368_MHN,WL,2.2,14,80,70,
150368_MHN,WL,1.8,13,90,70,
150368_MHN,WL,1.8,12,100,90,
150368_MHN,AS,1,12,40,30,
150368_MHN,AS,1,12,50,40,
150368_MHN,AS,1.3,13,60,50,
151641_CHS,WL,1.6,12,90,90,
151641_CHS,WL,1.6,13,80,70,
151641_CHS,WL,1.7,14,90,80,
151641_CHS,LP,2,13,80,70,
151641_CHS,LP,2,12,100,90,
151641_CHS,LP,2.1,15,90,80,
120242_CMN,PP,22.3,99,50,30,
120242_CMN,DF,20.4,103,60,30,
120242_CMN,PP,23.1,77,70,50,
120242_CMN,DF,16.5,57,70,60,termites
120242_CMN,PP,9.6,52,90,60,
120242_CMN,DF,13.5,44,30,30,mistletoe
45742_DHN,WL,7.3,38,100,80,
45742_DHN,LP,7.7,31,100,90,
45742_DHN,LP,5.2,27,100,90,
45742_DHN,DF,5.5,28,90,60,
45742_DHN,DF,4.6,22,100,90,
45742_DHN,LP,5.2,22,100,80,
45742_DHN,DF,5.1,22,100,90,
45742_DHN,WL,2.7,23,60,50,
45742_DHN,WL,3.6,27,70,60,
134154_DMN,PP,4,18,90,80,
134154_DMN,PP,6.6,21,70,60,FT
134154_DMN,DF,16.7,62,60,50,diseased
134154_DMN,DF,7.1,48,50,30,
134154_DMN,DF,6,29,100,80,
134154_DMN,PP,8.9,36,80,50,
133321_DMN,DF,13.5,66,50,40,
133321_DMN,PP,22.7,100,70,50,bark beetles
133321_DMN,DF,2.6,19,80,50,
133321_DMN,DF,7.9,47,90,70,
139331_DMN,DF,9.3,44,60,50,
139331_DMN,PP,9.5,49,50,40,
139331_DMN,PP,14.7,76,50,40,
139331_DMN,DF,17,73,80,70,
139331_DMN,PP,24,92,50,40,
159805_MHN,GF,6,27,100,100,
159805_MHN,DF,2.5,17,100,100,
159805_MHN,DF,3.6,20,100,100,
159805_MHN,DF,5.4,25,80,70,
159805_MHN,PP,3.7,18,70,60,
159805_MHN,PP,10.4,47,60,50,
159805_MHN,PP,10.6,36,90,80,
159805_MHN,GF,6.3,32,100,100,
159805_MHN,GF,7.1,34,100,90,
