UNITID,AGENCY,FIRENAME,FIRENUM,STARTDATE,PERIMDATE,ACRES,YEAR,CAUSE,SHAPE_AREA,SHAPE_LEN
WANES,WA DNR - NE REGION,BUCKEYE,UNKNOWN,1987-01-01,1987-01-01,227.33273899,1987,UNKNOWN,9902574.5,15985.2274111
WANES,WA DNR - NE REGION,STONY PEAK,UNKNOWN,1985-01-01,1985-01-01,289.5896455,1985,UNKNOWN,12614474.5,15780.7544788
WANES,WA DNR - NE REGION,LIBERTY LAKE,UNKNOWN,1985-01-01,1985-01-01,855.37991371,1985,UNKNOWN,37260200.0,38532.7122401
WANES,WA DNR - NE REGION,RAIL CANYON,UNKNOWN,1994-08-01,1994-08-01,102.0968386,1994,UNKNOWN,4447320.5,7985.87123125
WANES,WA DNR - NE REGION,CORK SCREW,UNKNOWN,1994-08-01,1994-08-01,185.87267875,1994,UNKNOWN,8096581.5,11092.8483935
WANES,WA DNR - NE REGION,OWENS RD,UNKNOWN,1994-08-01,1994-08-01,127.00405485,1994,UNKNOWN,5532274.5,9024.13264378
WANES,WA DNR - NE REGION,NEWKIRK - OLD TRAIL RD,UNKNOWN,1997-01-01,1997-01-01,772.41805753,1997,UNKNOWN,33646396.0,29728.5893174
WANES,WA DNR - NE REGION,RIVERSIDE,UNKNOWN,1994-08-01,1994-08-01,455.86572383,1994,UNKNOWN,19857431.5,21359.7259984
WANES,WA DNR - NE REGION,UNKNOWN,UNKNOWN,1991-08-01,1991-08-01,407.72478287,1991,UNKNOWN,17760420.5,25519.9609319
WANES,WA DNR - NE REGION,UNKNOWN,UNKNOWN,1991-08-01,1991-08-01,235.15460223,1991,UNKNOWN,10243293.5,13718.8566055
WANES,WA DNR - NE REGION,UNKNOWN,UNKNOWN,1973-01-01,1973-01-01,499.72147776,1973,UNKNOWN,21767780.5,19715.3965534
WANES,WA DNR - NE REGION,UNKNOWN,UNKNOWN,1991-08-01,1991-08-01,100.46829673,1991,UNKNOWN,4376381.5,8645.80605825
WANES,WA DNR - NE REGION,UNKNOWN,UNKNOWN,1991-08-01,1991-08-01,26.39785582,1991,UNKNOWN,1149886.0,4055.3047405
WASES,WA DNR - SE REGION,CLEVELAND FIRE,UNKNOWN,1998-07-27,1998-07-27,18500.4198579,1998,LIGHTNING,805875065.5,143802.559065
WASES,WA DNR - SE REGION,MAJOR CREEK FIRE,UNKNOWN,1999-07-01,1999-07-01,730.60635447,1999,UNKNOWN,31825085.5,34745.4072301
WASES,WA DNR - SE REGION,EASTON FIRE,UNKNOWN,1999-09-11,1999-09-11,75.93894012,1999,UNKNOWN,3307887.0,8346.40643985
WASES,WA DNR - SE REGION,MIDDLE FORK FIRE,UNKNOWN,2000-08-29,2000-08-29,2.24146902,2000,UNKNOWN,97638.0,1233.87418312
WASES,WA DNR - SE REGION,WHITES BASIN FIRE,UNKNOWN,2000-07-17,2000-07-17,122.67797005,2000,UNKNOWN,5343831.0,14408.7529854
WAOWF,OKAN-WEN NF,BAILEY FIRE,UNKNOWN,2001-08-13,2001-08-13,3211.96752531,2001,UNKNOWN,139912745.75,85511.107289
WASES,WA DNR - SE REGION,DRY CREEK FIRE,UNKNOWN,2001-08-01,2001-08-01,17.14686611,2001,UNKNOWN,746914.5,3467.79027961
WANES,WA DNR - NE REGION,GAMBLES MILL FIRE (BREWSTER,UNKNOWN,2001-08-12,2001-08-12,5516.094728,2001,UNKNOWN,240280125.229,79565.0777003
WASES,WA DNR - SE REGION,HIGHLAND FLATS FIRE,UNKNOWN,2001-08-01,2001-08-01,128.72576743,2001,UNKNOWN,5607272.0,15603.206251
WANES,WA DNR - NE REGION,INDIAN DAN FIRE (BREWSTER COMPLEX),333,2001-08-12,2001-08-12,584.61616996,2001,UNKNOWN,25465778.5,23112.9043613
WAOWF,OKAN-WEN NF,LIBBY SOUTH FIRE,UNKNOWN,2001-07-09,2001-07-09,3789.27302155,2001,UNKNOWN,165060072.577,75715.3340155
WAOWF,OKAN-WEN NF,REX CREEK FIRE,UNKNOWN,2001-08-12,2001-08-12,44581.48303191,2001,UNKNOWN,1941961633.0,472970.530993
WAGPF,GIFFORD PINCHOT NF,SALT CREEK FIRE (SALT CREEK COMPLEX),090,2001-09-15,2001-09-15,312.56508176,2001,UNKNOWN,13615280.5,31030.2070536
WANES,WA DNR - NE REGION,PINGSTON,271,2007-07-28,2007-07-28,126.1982665,2007,UNKNOWN,5497174.5,12280.929617
WACOA,COLVILLE AGENCY,ABRAHAM CANYON,166,2008-07-10,2008-07-13,372.33179875,2008,UNKNOWN,16218708.2785,21459.9279836
WASES,WA DNR - SE REGION,SPRUCE DOME COMPLEX,UNKNOWN,2001-08-16,2001-08-16,2722.11064738,2001,UNKNOWN,118574665.5,114102.018432
WACOA,COLVILLE AGENCY,ST. MARY'S FIRE (VIRGINIA LAKE COMPLEX),132,2001-08-12,2001-08-12,32978.7297895,2001,UNKNOWN,1436547723.42,335745.22462
WAOWF,OKAN-WEN NF,TOMMY CREEK FIRE,709,2001-09-16,2001-09-16,647.1737262,2001,UNKNOWN,28190774.75,41293.4413991
WASES,WA DNR - SE REGION,TOUCHET ROAD,UNKNOWN,2001-08-01,2001-08-01,258.25443063,2001,UNKNOWN,11249518.0,16295.7707818
WASES,WA DNR - SE REGION,UNION VALLEY FIRE,366,2001-07-27,2001-07-27,4523.3080209,2001,UNKNOWN,197034509.25,95576.3877567
WASPD,SPOKANE BLM,DEER MOUNTAIN FIRE,UNKNOWN,2002-08-16,2002-08-16,2280.88454823,2002,UNKNOWN,99354933.5,52617.821342
WAOWF,OKAN-WEN NF,DEER POINT FIRE,UNKNOWN,2002-07-15,2002-07-15,20993.93033698,2002,UNKNOWN,914491947.5,236870.867923
WASES,WA DNR - SE REGION,EWE NECK FIRE,UNKNOWN,2002-08-01,2002-08-01,75.9503038,2002,UNKNOWN,3308382.0,10674.3134605
WANES,WA DNR - NE REGION,BLACK CANYON FIRE,310,2003-08-10,2003-08-10,2281.36471544,2003,UNKNOWN,99375849.5,67625.6338819
WANES,WA DNR - NE REGION,BULLDOG FIRE,403,2003-09-05,2003-09-05,411.58409583,2003,UNKNOWN,17928531.5,28466.9253839
WAOWF,OKAN-WEN NF,FAREWELL FIRE (FAWN PEAK COMPLEX),UNKNOWN,2003-06-30,2003-06-30,81233.40724807,2003,UNKNOWN,3538513065.63,430202.408448
WAOWF,OKAN-WEN NF,FAWN PEAK FIRE (FAWN PEAK COMPLEX),199,2003-06-30,2003-06-30,74.02080802,2003,UNKNOWN,3224333.5,8643.14500834
WAMSF,MT. BAKER-SNOQ NF,GOLD HILL FIRE (NORTH ZONE COMPLEX),147,2003-08-07,2003-08-07,169.78598676,2003,UNKNOWN,7395848.0,16111.6336546
WAOWF,OKAN-WEN NF,MAPLE,467,2003-09-06,2003-09-06,1626.25142006,2003,UNKNOWN,70839228.5,85591.9350915
WACOA,COLVILLE AGENCY,MCGINNIS FLAT,097,2003-07-18,2003-07-18,2255.85284801,2003,UNKNOWN,98264557.0,49410.0006226
WAOWF,OKAN-WEN NF,NEEDLES FIRE,398,2003-09-03,2003-09-03,19328.21003774,2003,UNKNOWN,841933461.5,285480.365195
WAMRP,MOUNT RAINIER NP,PANTHER FIRE (MOUNT RAINIER COMPLEX),168,2003-08-21,2003-08-21,43.95596095,2003,UNKNOWN,1914714.0,6367.03544373
WACOA,COLVILLE AGENCY,RATTLESNAKE CANYON FIRE,079,2003-07-05,2003-07-05,10486.7618965,2003,UNKNOWN,456801521.0,158290.702744
WAMRP,MOUNT RAINIER NP,REDSTONE FIRE (MOUNT RAINIER COMPLEX),168,2003-08-21,2003-08-21,46.97740324,2003,UNKNOWN,2046327.5,6460.5112805
WAOWF,OKAN-WEN NF,SQUARE LAKE FIRE,482,2003-08-26,2003-08-26,903.30043368,2003,UNKNOWN,39347609.5,42067.1891565
WASPD,SPOKANE BLM,BEEBE,003,2004-07-04,2004-07-06,4205.59362447,2004,UNKNOWN,183194925.5,115531.072963
WANES,WA DNR - NE REGION,BOTTLE TWO,103,2004-06-21,2004-06-23,33.38955045,2004,LIGHTNING,1454443.0,6989.59139339
WAOWF,OKAN-WEN NF,DEEP HARBOR FIRE (POT PEAK / SISI RIDGE COMPLEX),271,2004-06-19,2004-08-16,29995.51187816,2004,UNKNOWN,1306599271.0,247462.90777
WAOWF,OKAN-WEN NF,DIRTY FACE PEAK,639,2004-08-16,2004-08-16,295.32827038,2004,UNKNOWN,12864448.0,14590.7110982
WACOA,COLVILLE AGENCY,ELMER CITY,218,2004-07-29,2004-07-29,1928.78592682,2004,CHILDREN,84017578.901,80032.0602759
WAOWF,OKAN-WEN NF,FISCHER,689,2004-08-08,2004-08-23,16425.33218253,2004,EQUIPMENT USE,715484607.924,188662.900551
WAOWF,OKAN-WEN NF,FREEZEOUT FIRE (WILLIAMS BUTTE COMPLEX),248,2004-06-24,2004-08-13,708.04545155,2004,LIGHTNING,30842336.5,91475.400685
WANES,WA DNR - NE REGION,BLUEHOO FIRE (HIGHLANDS COMPLEX),464,2004-08-19,2004-08-19,10.26878534,2004,UNKNOWN,447306.5,3056.18097651
WACOA,COLVILLE AGENCY,HOPKINS CANYON FIRE (HOPKINS CANYON COMPLEX),143,2004-06-26,2004-07-03,5071.7412695,2004,UNKNOWN,220924166.0,75793.294813
WAOWF,OKAN-WEN NF,ICICLE,443,2004-07-15,2004-07-23,696.92253057,2004,UNKNOWN,30357824.0,26167.889155
WASES,WA DNR - SE REGION,LAUDERDALE,543,2004-07-25,2004-07-28,247.8296494,2004,ARSON,10795416.346,23638.6135677
WAOWF,OKAN-WEN NF,MEBEE FIRE (WILLIAMS BUTTE COMPLEX),666,2004-08-10,2004-08-17,234.37441537,2004,LIGHTNING,10209308.696,15191.2851682
WANES,WA DNR - NE REGION,MILL CANYON FIRE (MILL CANYON COMPLEX),334,2004-08-01,2004-08-05,1090.03615537,2004,RECREATION,47481785.0,48130.6060423
WASES,WA DNR - SE REGION,MUD LAKE,693,2004-08-10,2004-08-14,3864.29302832,2004,UNKNOWN,168327931.0,66960.7795245
WAOWF,OKAN-WEN NF,PEEVE FIRE (WILLIAMS BUTTE COMPLEX),UNKNOWN,2004-07-30,2004-07-30,51.23623571,2004,UNKNOWN,2231841.5,7113.36713609
WAOWF,OKAN-WEN NF,POT PEAK FIRE (POT PEAK / SISI RIDGE COMPLEX),271,2004-06-26,2004-08-02,15395.1402249,2004,LIGHTNING,670609625.75,172317.902708
WAOWF,OKAN-WEN NF,N/A,271,2004-06-26,2004-06-26,1.77180461,2004,UNKNOWN,77179.5,1146.50567886
WAOWF,OKAN-WEN NF,RATTLESNAKE PEAK,553,2004-07-18,2004-08-14,662.25788606,2004,UNKNOWN,28847838.125,50650.2432883
WAOWF,OKAN-WEN NF,REECER,062,2004-04-27,2004-04-28,107.75963673,2004,CAMPFIRE,4693991.0,10990.0621977
WAOWF,OKAN-WEN NF,SISI RIDGE FIRE (POT PEAK / SISI RIDGE COMPLEX),525,2004-06-19,2004-07-26,343.19843432,2004,LIGHTNING,14949664.0,20513.7092048
WAOWF,OKAN-WEN NF,WILLIAMS BUTTE FIRE (WILLIAMS BUTTE COMPLEX),755,2004-08-16,2004-08-22,1257.84650291,2004,LIGHTNING,54791574.5,32342.7025767
WANES,WA DNR - NE REGION,BURNT BREAD,177,2005-08-06,2005-08-25,1351.45740167,2005,MISCELLANEOUS,58869248.939,52872.2520878
WASES,WA DNR - SE REGION,DIRTY FACE FIRE,365,2005-07-30,2005-08-07,1150.52522308,2005,MISCELLANEOUS,50116678.25,40917.0524082
WANES,WA DNR - NE REGION,HARKER CANYON,219,2005-08-10,2005-08-14,1557.29132443,2005,UNKNOWN,67835338.75,54959.6163829
WASPA,SPOKANE AGENCY,HOT FALLS,UNKNOWN,2005-07-15,2005-07-15,174.4137027,2005,ARSON,7597430.5,13379.8335885
WASES,WA DNR - SE REGION,LICK CREEK,392,2005-08-04,2005-08-07,734.67808219,2005,EQUIPMENT USE,32002449.25,30363.9597635
WANES,WA DNR - NE REGION,MARTIN ROAD FIRE,346,2005-09-28,2005-09-28,877.5770755,2005,DEBRIS BURN,38227104.5,39967.987762
WANES,WA DNR - NE REGION,PEARRYGIN LAKE,089,2005-07-03,2005-07-07,531.28786895,2005,MISCELLANEOUS,23142807.0,21133.2494643
ORUMF,UMATILLA NF,SCHOOL FIRE,UNKNOWN,2005-08-05,2005-08-16,49684.75034004,2005,UNKNOWN,2164259067.75,370901.339731
WACOA,COLVILLE AGENCY,SECOND HUD,UNKNOWN,2005-07-06,2005-07-06,4176.06234755,2005,UNKNOWN,181908548.223,92371.9847282
WANCP,NORTH CASCADES NP,SHADY,UNKNOWN,2005-07-19,2005-08-02,153.16695794,2005,MISCELLANEOUS,6671926.0,11571.7732104
WAWFS,WA FIRE SERVICE,BADGER MOUNTAIN FIRE (BADGER MTN COMPLEX),902,2008-07-10,2008-07-13,13265.63743152,2008,UNKNOWN,577848855.115,135259.593797
WANES,WA DNR - NE REGION,RED LAKE,UNKNOWN,1997-01-01,1997-01-01,1150.8925627,1997,UNKNOWN,50132679.5,37331.8932623
WASPS,WA DNR - SPS REGION,DEWATTO 2,074,2006-09-02,2006-09-06,61.2668931,2006,ARSON,2668775.1885,9567.1172423
WAOWF,OKAN-WEN NF,FLICK CREEK,406,2006-07-07,2006-09-14,7888.75476548,2006,CAMPFIRE,343632783.049,181931.466724
WAMSF,MT. BAKER-SNOQ NF,GREENWATER 7440,341,2006-09-02,2006-09-12,193.16638966,2006,UNKNOWN,8414294.2765,18690.2042106
WAYAA,BIA - YAKIMA,JUNGLE BUTTE (JUNGLE BUTTE COMPLEX),098,2006-09-04,2006-09-04,92.94075285,2006,UNKNOWN,4048483.0,10241.2347126
WAYAA,BIA - YAKIMA,KLOSE BUTTE (JUNGLE BUTTE COMPLEX),098,2007-09-04,2007-09-04,36.79927484,2007,UNKNOWN,1602970.0,5733.10994203
WAYAA,BIA - YAKIMA,PEAVINE RIDGE (JUNGLE BUTTE COMPLEX),098,2006-09-04,2006-09-09,321.59226433,2006,UNKNOWN,14008503.0,23630.1812907
WAOWF,OKAN-WEN NF,POLALLIE,634,2006-09-04,2006-09-14,961.6584334,2006,LIGHTNING,41889673.7995,45950.9309929
WANES,WA DNR - NE REGION,QUINN'S MEADOW,422,2006-08-29,2006-09-02,323.23782876,2006,DEBRIS BURN,14080183.5,23813.4602895
WAOWF,OKAN-WEN NF,TATOOSH (TATOOSH COMPLEX),547,2006-08-22,2006-09-12,54331.78201564,2006,UNKNOWN,2366682957.84,703318.834733
WAOWF,OKAN-WEN NF,TINPAN,304,2006-07-07,2006-09-14,9253.1123814,2006,LIGHTNING,403063963.073,284800.515523
WANES,WA DNR - NE REGION,VALLEY MILL,298,2006-08-08,2006-08-08,460.53613966,2006,DEBRIS BURN,20060874.0,26368.2062775
WAOWF,OKAN-WEN NF,VAN PEAK,638,2006-09-04,2006-09-04,1815.93883514,2006,LIGHTNING,79101979.25,85314.6100977
WAWFS,WA FIRE SERVICE,LEWIS AND CLARK,1772,2007-06-13,2007-06-15,752.88580539,2007,EQUIPMENT USE,32795574.5,20866.6293899
WAWFS,WA FIRE SERVICE,HORSE HEAVEN COMPLEX - SIXPRONG,802,2007-07-13,2007-07-16,20395.00144907,2007,LIGHTNING,888402709.5,247964.660129
WAWFS,WA FIRE SERVICE,HORSE HEAVEN COMPLEX - WOODGULCH,802,2007-07-13,2007-07-13,7665.65524937,2007,UNKNOWN,333914607.0,117459.48956
WACOF,COLVILLE NF,CROWN CREEK,092,2007-07-13,2007-07-19,34.56344748,2007,LIGHTNING,1505577.75,7213.02910728
WANES,WA DNR - NE REGION,MOSES - DNR COMPLEX,UNKNOWN,1991-08-01,1991-08-01,4440.2636862,1991,UNKNOWN,193417112.5,90036.2434263
WA,UNKNOWN,MARSHALL,UNKNOWN,1991-08-01,1991-08-01,988.30662769,1991,UNKNOWN,43050464.5,70739.5284136
WA,UNKNOWN,HAPPY HILL,UNKNOWN,1991-08-01,1991-08-01,624.0279782,1991,UNKNOWN,27182550.0,25239.1533075
WAMSF,MT. BAKER-SNOQ NF,GOLD HILL,UNKNOWN,2009-07-30,2009-08-05,18.88934802,2009,UNKNOWN,822816.708365,6030.34435203
WACOA,COLVILLE AGENCY,MILEPOST 281,272,2009-09-01,2009-09-03,310.06666942,2009,MISCELLANEOUS,13506450.0941,15679.2499412
WASPD,SPOKANE BLM,SPUD FIRE,UNKNOWN,2005-06-28,2005-06-29,123.42634311,2005,UNKNOWN,5376430.0,15872.1286228
WANES,WA DNR - NE REGION,SQUAW CREEK,320,2005-09-08,2005-09-11,1097.04661729,2005,ELECTRIC FENCE,47787159.5,35882.4760828
WAMCR,MID COLUMBIA NWR,WEATHER STATION,UNKNOWN,2005-07-05,2005-07-07,4914.72714895,2005,MISCELLANEOUS,214084658.267,74570.91591
WACOA,COLVILLE AGENCY,WEST LAKE OMAK,UNKNOWN,2005-07-12,2005-07-15,11264.63688587,2005,EQUIPMENT USE,490685620.0,164770.80894
WASES,WA DNR - SE REGION,WOOD GULCH,325,2005-07-23,2005-07-26,5751.16107854,2005,UNKNOWN,250519574.5,111030.640887
WAOLP,OLYMPIC NP,BEAR GULCH II,215,2006-07-25,2006-08-28,797.59432903,2006,UNKNOWN,34743070.0,33627.1444502
WANES,WA DNR - NE REGION,BISBEE MTN. FIRE,455,2006-09-09,2006-09-11,485.10347565,2006,MISCELLANEOUS,21131022.875,27739.0920409
WAOWF,OKAN-WEN NF,CEDAR CREEK (TRIPOD COMPLEX),553,2006-08-22,2006-09-13,1631.10970282,2006,LIGHTNING,71050854.4507,108173.711126
WA,UNKNOWN,NINEMILE,UNKNOWN,1991-08-01,1991-08-01,15044.23400608,1991,UNKNOWN,655324212.0,262466.060728
WA,UNKNOWN,CHATTAROY,UNKNOWN,1991-08-01,1991-08-01,4728.47892308,1991,UNKNOWN,205971718.0,195519.219417
WA,UNKNOWN,UNKNOWN,UNKNOWN,1985-01-01,1985-01-01,184.77554397,1985,UNKNOWN,8048790.5,13850.2580143
WA,UNKNOWN,PONDEROSA,UNKNOWN,1991-08-01,1991-08-01,1474.66884633,1991,UNKNOWN,64236318.0,44536.8383109
WA,UNKNOWN,JENNINGS ROAD,UNKNOWN,1991-08-01,1991-08-01,283.505668,1991,UNKNOWN,12349457.5,17743.3190126
WA,UNKNOWN,NINEMILE RD,UNKNOWN,1996-01-01,1996-01-01,3019.12954666,1996,UNKNOWN,131512757.0,118253.25986
WA,UNKNOWN,RAMBO RD,UNKNOWN,1991-08-01,1991-08-01,268.75578117,1991,UNKNOWN,11706955.0,22103.2723074
WA,UNKNOWN,GREENBLUFF,UNKNOWN,1991-08-01,1991-08-01,98.2191027,1991,UNKNOWN,4278407.0,9548.64103527
WA,UNKNOWN,LEESON PIT,UNKNOWN,1991-08-01,1991-08-01,146.57213128,1991,UNKNOWN,6384656.5,14159.3078717
WA,UNKNOWN,TEMPLE,UNKNOWN,1991-08-01,1991-08-01,190.32213411,1991,UNKNOWN,8290399.0,19270.0869857
WA,UNKNOWN,HOLCOMB,UNKNOWN,1991-08-01,1991-08-01,744.13699858,1991,UNKNOWN,32414478.0,30166.5958673
WA,UNKNOWN,TRENT,UNKNOWN,1991-08-01,1991-08-01,797.31130449,1991,UNKNOWN,34730741.5,41967.7738833
WA,UNKNOWN,HANGMAN,UNKNOWN,1991-08-01,1991-08-01,131.05694066,1991,UNKNOWN,5708817.5,11726.0692761
WANCP,NORTH CASCADES NP,YAXON,346,2010-07-29,2010-08-02,6.68998526,2010,LIGHTNING,291414.592157,2296.85765909
WA,UNKNOWN,HOMESTEAD,UNKNOWN,1991-08-01,1991-08-01,283.16590539,1991,UNKNOWN,12334657.5,14922.6003486
WASES,WA DNR - SE REGION,COLUMBIA COMPLEX,545,2006-08-21,2006-08-21,109401.7753911,2006,UNKNOWN,4765522273.89,1367013.44217
WAWFS,WA FIRE SERVICE,AVERY,UNKNOWN,2009-08-13,2009-08-13,264.60167397,2009,UNKNOWN,11526002.8138,24637.4544314
WACOA,COLVILLE AGENCY,CAMERON LAKE,167,2013-08-06,2013-08-07,131.1028321,2013,LIGHTNING,5710816.52311,9383.72516978
WACOA,COLVILLE AGENCY,BUFFALO LAKE,0254,2009-08-21,2009-08-21,328.63973445,2009,ARSON,14315489.5705,16752.5926219
WACOF,COLVILLE NF,SLEEPY,024,2001-08-01,2001-08-01,1401.85056765,2001,UNKNOWN,61064366.4688,49277.5379725
WAOWF,OKAN-WEN NF,DISCOVERY,UNKNOWN,2009-07-28,2009-08-08,4120.2867889,2009,UNKNOWN,179478974.606,66560.7776835
WAMCR,MID COLUMBIA NWR,DRY CREEK COMPLEX,UNKNOWN,2009-08-21,2009-08-23,48901.64865507,2009,UNKNOWN,2130147294.8,515045.110673
WASES,WA DNR - SE REGION,HIGH HILL,UNKNOWN,2009-08-20,2009-08-22,98.61899503,2009,UNKNOWN,4295826.23997,15860.7734914
WASES,WA DNR - SE REGION,SR-17,UNKNOWN,2009-08-20,2009-08-23,897.49516605,2009,UNKNOWN,39094733.0537,26698.2117061
WASES,WA DNR - SE REGION,B.5,UNKNOWN,2009-08-20,2009-08-23,282.12277067,2009,UNKNOWN,12289218.7333,19226.818462
WASES,WA DNR - SE REGION,TRAIL,UNKNOWN,2009-07-05,2009-07-07,63.30774201,2009,CAMPFIRE,2757674.21137,8164.27954738
WASES,WA DNR - SE REGION,OAK CREEK,UNKNOWN,2009-07-15,2009-07-17,150.41144852,2009,UNKNOWN,6551896.49002,14181.7471613
WASES,WA DNR - SE REGION,NAHAHUM,UNKNOWN,2009-08-19,2009-08-19,48.50436303,2009,UNKNOWN,2112841.60213,6816.94166002
WASES,WA DNR - SE REGION,LAKE ENTIAT,UNKNOWN,2009-06-02,2009-06-02,182.4252547,2009,UNKNOWN,7946412.30902,17552.292363
WASES,WA DNR - SE REGION,HALE STORM,UNKNOWN,2009-07-31,2009-08-05,54.80694637,2009,UNKNOWN,2387381.03422,8682.60643481
WANES,WA DNR - NE REGION,ODEN ROAD,1262,2009-08-22,2009-08-26,9607.49330354,2009,LIGHTNING,418500734.294,118315.075555
WACOA,COLVILLE AGENCY,MILEPOST 38,304,2009-09-16,2009-09-18,1910.88147461,2009,MISCELLANEOUS,83237664.0822,52565.6655268
WACOA,COLVILLE AGENCY,CONCRETE PLANT,265,2009-08-27,2009-08-28,195.80526241,2009,ARSON,8529243.11348,13279.8055903
WANCP,NORTH CASCADES NP,BRUSH CREEK,203,2009-08-02,2009-08-09,391.44204795,2009,LIGHTNING,17051147.4038,21839.0646631
WAOWF,OKAN-WEN NF,PRESTON-FOX,UNKNOWN,2009-10-04,2009-10-07,1215.98778453,2009,DEBRIS BURN,52968216.0205,32781.837725
WAOWF,OKAN-WEN NF,TWIN PEAKS,UNKNOWN,2009-09-03,2009-09-25,666.36478804,2009,UNKNOWN,29026734.0599,26803.8586712
WACCC,COLUMBIA CASCADE,DALLESPORT,001,2010-07-12,2010-07-13,1179.06539837,2010,POWER LINE,51359883.3127,33858.6818889
WASES,WA DNR - SE REGION,SWAKANE,249,2010-07-10,2010-07-16,19437.00371798,2010,MISCELLANEOUS,846672495.255,149484.097735
WAYKCN,YAKIMA COUNTY FD,COWICHE MILL,102,2010-07-18,2010-07-19,6190.6972946,2010,MISCELLANEOUS,269665695.487,79784.9450003
WASPA,SPOKANE AGENCY,LINE,005629,2010-07-12,2010-07-15,909.85577433,2010,MISCELLANEOUS,39633158.9969,50876.4601009
WANCP,NORTH CASCADES NP,DEVILS GULCH,298,2010-07-29,2010-08-02,36.63409036,2010,LIGHTNING,1595774.59312,7120.94253629
WANCP,NORTH CASCADES NP,NAHAHUM,346,2010-07-29,2010-08-02,1947.45079312,2010,LIGHTNING,84830617.2248,64413.3836782
WANCP,NORTH CASCADES NP,TRIPP CANYON,346,2010-07-29,2010-08-02,71.54657712,2010,LIGHTNING,3116556.43295,7583.75126872
WA,UNKNOWN,EXCELSIOR ROAD,UNKNOWN,1987-01-01,1987-01-01,1255.68839052,1987,UNKNOWN,54697567.5,52648.1172331
WA,UNKNOWN,SALNAVE,UNKNOWN,1991-08-01,1991-08-01,463.60812165,1991,UNKNOWN,20194689.0,24364.8285854
WA,UNKNOWN,SPRINGDALE,UNKNOWN,1991-08-01,1991-08-01,628.65719782,1991,UNKNOWN,27384198.0,32241.2868189
WAWFS,WA FIRE SERVICE,BROWNS CANYON FIRE (BADGER MTN COMPLEX),902,2008-07-09,2008-07-14,1782.34822885,2008,MISCELLANEOUS,77638778.2928,45355.9500436
WAWFS,WA FIRE SERVICE,BAIRD SPRINGS,812,2008-06-15,2008-06-16,3645.75496607,2008,UNKNOWN,158808451.086,67348.1266189
WACOA,COLVILLE AGENCY,COLUMBIA RIVER ROAD,205,2008-08-07,2008-08-13,22155.09265476,2008,ARSON,965071975.742,224055.507505
WACOA,COLVILLE AGENCY,FRENCH VALLEY,165,2008-07-10,2008-07-13,1366.42475276,2008,UNKNOWN,59521224.1448,49252.6725406
WANES,WA DNR - NE REGION,GREEN LAKE,595,2008-07-31,2008-08-01,1350.32718303,2008,STRUCTURE FIRE,58820016.8118,36273.664337
WAMCR,MID COLUMBIA NWR,INCIDENT 262,0061,2008-07-27,2008-07-27,3142.16921166,2008,UNKNOWN,136872343.369,54149.8108887
WAOWF,OKAN-WEN NF,JACK CREEK,481,2008-08-10,2008-08-19,1057.71002699,2008,LIGHTNING,46073664.4805,38594.3378765
WANES,WA DNR - NE REGION,JACKASS BUTTE (RATTLESNAKE POINT COMPLEX),193,2008-07-01,2008-07-04,1765.70079189,2008,LIGHTNING,76913618.8395,43888.456592
WANES,WA DNR - NE REGION,RATTLESNAKE POINT COMPLEX,193,2008-07-01,2008-07-01,752.53378316,2008,UNKNOWN,32780240.4732,29932.4283814
WAWFS,WA FIRE SERVICE,ROCK LAKE,910,2008-08-18,2008-08-19,2287.50288034,2008,UNKNOWN,99643226.8936,86207.5327182
WAWFS,WA FIRE SERVICE,SEEP LAKES,813,2008-06-29,2008-06-30,1901.06872278,2008,MISCELLANEOUS,82810222.3223,66657.0701259
WANES,WA DNR - NE REGION,SPOKANE VALLEY,378,2008-07-10,2008-07-13,1005.79276005,2008,UNKNOWN,43812157.3787,35497.9154127
WANES,WA DNR - NE REGION,SWANSON LAKE,866,2008-08-18,2008-08-26,18038.73104031,2008,UNKNOWN,785763981.05,335668.382661
WACOA,COLVILLE AGENCY,WILMONT,180,2008-07-13,2008-07-14,148.8113823,2008,LIGHTNING,6482197.88391,15159.9642761
WAYAA,BIA - YAKIMA,RANSIER ROAD,UNKNOWN,2009-06-29,2009-06-29,354.17699465,2009,UNKNOWN,15427888.1753,25521.0507909
WASES,WA DNR - SE REGION,FORREST,UNKNOWN,2009-07-11,2009-07-12,255.38194915,2009,UNKNOWN,11124393.2073,20636.5269555
WAHNC,HANFORD,ENW,UNKNOWN,2009-07-17,2009-07-17,3.22583479,2009,UNKNOWN,140516.801483,1402.2479238
WACOA,COLVILLE AGENCY,FISH HATCHERY,UNKNOWN,2009-07-23,2009-07-25,237.13494544,2009,LIGHTNING,10329556.9051,17026.8751184
WACOA,COLVILLE AGENCY,OWHI TREE,UNKNOWN,2009-07-23,2009-07-25,10.45928908,2009,LIGHTNING,455604.809773,2886.58198515
WACOA,COLVILLE AGENCY,JOHNSON LAKE,165,2009-07-23,2009-07-25,711.99459944,2009,LIGHTNING,31014360.6939,34222.1710172
WAMSF,MT. BAKER-SNOQ NF,DEER 1,UNKNOWN,2009-07-30,2009-08-05,0.53222827,2009,UNKNOWN,23183.7707145,949.116346489
WAWFS,WA FIRE SERVICE,UNION VALLEY,UNKNOWN,2009-07-29,2009-08-01,524.69205564,2009,LIGHTNING,22855494.5216,28426.7301425
WAGPF,GIFFORD PINCHOT NF,LANGILLE,UNKNOWN,2009-07-27,2009-08-02,471.01319057,2009,UNKNOWN,20517252.5118,21911.4394813
WAWFS,WA FIRE SERVICE,MILEPOST 31,208,2012-06-13,2012-06-14,1127.69544198,2012,UNKNOWN,49122216.9631,52351.1518469
WASES,WA DNR - SE REGION,EUREKA,106,2010-08-06,2010-08-08,20835.47526597,2010,UNKNOWN,907589672.216,187472.678415
WAOWF,OKAN-WEN NF,BOULDER CREEK,444,2010-08-04,2010-08-10,10100.76006235,2010,UNKNOWN,439987348.361,96227.9480806
WAOLP,OLYMPIC NP,HOPPER,010,2010-08-05,2010-08-18,385.06521319,2010,LIGHTNING,16773373.593,26620.8502837
WANES,WA DNR - NE REGION,FISH HATCHERY,707,2010-08-26,2010-08-29,646.51561266,2010,POWER LINE,28162107.4388,42404.4032398
WASES,WA DNR - SE REGION,HIWAY 8 FIRE,00543,2010-08-26,2010-08-30,2018.38353788,2010,POWER LINE,87920435.2272,65856.0258396
WANES,WA DNR - NE REGION,SLIDE CREEK,711,2010-08-26,2010-08-27,990.42358019,2010,POWER LINE,43142678.582,42841.177156
WACOA,COLVILLE AGENCY,BUFFALO LAKE,163,2010-08-27,2010-08-28,407.94807233,2010,ARSON,17770146.9499,24818.0412278
WASES,WA DNR - SE REGION,BAIRD SPRINGS,110,2010-09-10,2010-09-11,7668.88221653,2010,UNKNOWN,334055173.127,106482.1663
WAHNC,HANFORD,FFTF,0742,2010-08-01,2010-08-01,1266.00595102,2010,UNKNOWN,55146998.6376,50930.8147402
WAPCS,WA DNR - PC REGION,HILLTOP,0052,2010-08-14,2010-08-14,133.99953977,2010,UNKNOWN,5836996.60436,15023.7282164
WAPCS,WA DNR - PC REGION,SPEELYAI,035,2010-07-24,2010-07-26,122.54881002,2010,UNKNOWN,5338204.81139,11525.5971631
WAWFS,WA FIRE SERVICE,VANSYCLE CANYON,202,2011-08-07,2011-08-07,4509.45682982,2011,UNKNOWN,196431153.78,108330.326824
WAOWF,OKAN-WEN NF,TUMWATER CANYON,323,2011-08-18,2011-08-21,458.11336064,2011,MISCELLANEOUS,19955338.168,23488.1933338
WANES,WA DNR - NE REGION,SALMON,662,2011-08-29,2011-08-31,1979.07434739,2011,MISCELLANEOUS,86208133.7386,54805.7513961
WAOLP,OLYMPIC NP,BIG HUMP,124,2011-09-01,2011-09-16,1238.08228311,2011,UNKNOWN,53930648.529,58802.7344397
WAWFS,WA FIRE SERVICE,WISHRAM II,409,2011-08-29,2011-08-29,9064.45533217,2011,UNKNOWN,394846094.88,124948.952539
WASES,WA DNR - SE REGION,MONASTERY COMPLEX,428,2011-09-07,2011-09-14,3621.14474022,2011,MISCELLANEOUS,157736433.936,98638.8410203
WANES,WA DNR - NE REGION,BARBER MOUNTAIN,786,2011-09-19,2011-09-19,814.61351612,2011,UNKNOWN,35484422.8241,23137.6000842
WACOA,COLVILLE AGENCY,KWEI KWEI CREEK,085,2011-08-06,2011-08-10,625.77331179,2011,UNKNOWN,27258576.4271,26846.515046
WANES,WA DNR - NE REGION,MARYLS ROAD,489,2011-08-09,2011-08-10,408.59884586,2011,UNKNOWN,17798494.5315,24989.5541327
WASES,WA DNR - SE REGION,WASHINGTON CREEK,257,2011-08-01,2011-08-06,245.68283678,2011,UNKNOWN,10701901.5626,18267.7159394
WASPS,WA DNR - SPS REGION,EELS HILL,UNKNOWN,2011-08-17,2011-09-10,49.9780847,2011,UNKNOWN,2177036.66115,7645.36750124
WASES,WA DNR - SE REGION,NAVARRE,125,2012-07-05,2012-07-06,602.21934453,2012,MISCELLANEOUS,26232569.7171,19469.6375896
WANCP,NORTH CASCADES NP,RAINBOW BRIDGE,005,2010-07-29,2010-08-02,4117.8871198,2010,UNKNOWN,179374445.439,83540.352072
WAOWF,OKAN-WEN NF,VIRGINIA LAKE,UNKNOWN,2001-08-01,2001-08-01,36683.98601782,2001,UNKNOWN,1597948039.12,204731.761641
WAOWF,OKAN-WEN NF,ROCKY HULL,UNKNOWN,2000-07-22,2000-07-26,9481.85678068,2000,LIGHTNING,413028029.25,143949.310326
WAOWF,OKAN-WEN NF,WHISKY MOUNTAIN,353,2007-08-18,2007-08-18,961.00487006,2007,LIGHTNING,41861204.6944,44857.3237702
WA,UNKNOWN,FERN ROAD,UNKNOWN,2002-09-16,2002-09-16,15.65862786,2002,UNKNOWN,682087.101386,3312.09928207
ORCGF,COLUMBIA RG NSA,COURTNEY ROAD,UNKNOWN,2001-07-12,2001-07-12,89.65697123,2001,UNKNOWN,3905442.04513,12162.7240396
ORPRD,PRINEVILLE DIST,DOG CREEK,UNKNOWN,2001-07-12,2001-07-12,568.58337726,2001,UNKNOWN,24767392.8438,28048.6525488
ORCGF,COLUMBIA RG NSA,UNKNOWN,UNKNOWN,2001-08-01,2001-08-01,93.34318517,2001,UNKNOWN,4066012.88179,8295.52575519
WAOWF,OKAN-WEN NF,AMABILIS,00734,2006-10-12,2006-12-10,116.99950814,2006,UNKNOWN,5096478.18865,11640.3382677
WAOWF,OKAN-WEN NF,RATTLESNAKE CREEK,077,2007-08-05,2007-08-05,1653.59408222,2007,UNKNOWN,72030270.0995,51586.5009827
WAOWF,OKAN-WEN NF,TROUT,131,2006-06-27,2006-06-27,139.95743282,2006,EQUIPMENT USE,6096521.38766,14649.2512062
WAGPF,GIFFORD PINCHOT NF,LOST LAKE,UNKNOWN,2003-05-08,2003-05-08,265.02327787,2003,UNKNOWN,11544367.8065,16507.534591
WAYAA,BIA - YAKIMA,MILE MARKER 44,100,2004-08-11,2004-08-13,126.13880661,2004,UNKNOWN,5494584.43734,15170.7699714
WAOWF,OKAN-WEN NF,CAPE LABELLE,047,2001-08-01,2001-08-01,260.35904241,2001,UNKNOWN,11341194.5223,19106.3116903
WA,UNKNOWN,AVERY,UNKNOWN,2003-07-13,2003-07-13,284.03341072,2003,UNKNOWN,12372445.8811,32819.7816005
WASES,WA DNR - SE REGION,ROCKY FORD,509,2006-06-28,2006-06-28,3183.48271274,2006,UNKNOWN,138671952.277,54979.7546307
ORUMF,UMATILLA NF,COTTONWOOD,258,2007-08-18,2008-05-29,3399.02911089,2007,EQUIPMENT USE,148061115.824,72822.8105743
WAOWF,OKAN-WEN NF,LEMAH,102,2009-07-25,2009-07-25,649.35772031,2009,LIGHTNING,28285909.1529,23823.8260532
WAOWF,OKAN-WEN NF,SHULL RIDGE,061,2009-07-17,2009-07-17,211.74649621,2009,LIGHTNING,9223640.48022,16532.6416267
WAOWF,OKAN-WEN NF,SABLE,155,2009-07-30,2009-07-30,542.3959843,2009,LIGHTNING,23626674.5693,24827.3072158
WAMSF,MT. BAKER-SNOQ NF,MINERAL PARK,053,2003-08-01,2003-08-01,403.96614476,2003,UNKNOWN,17596694.8788,18944.5595903
WAMSF,MT. BAKER-SNOQ NF,SWIFT CREEK,062,2004-07-24,2004-07-27,536.76631734,2004,LIGHTNING,23381447.2571,18858.2928625
WAMSF,MT. BAKER-SNOQ NF,SPRING,082,2009-08-26,2009-08-26,219.66443002,2009,LIGHTNING,9568544.29758,13495.1350758
WAOWF,OKAN-WEN NF,POWDER MOUNTAIN,247,2009-07-26,2009-07-26,194.43637588,2009,LIGHTNING,8469614.65456,19589.8972686
WAOWF,OKAN-WEN NF,FOAM CREEK WFU,061,2008-08-08,2008-08-08,602.4755335,2008,LIGHTNING,26243729.2639,27863.0533957
WAMSF,MT. BAKER-SNOQ NF,DOWNEY,063,2004-08-01,2004-08-01,319.68472309,2004,UNKNOWN,13925410.836,15548.160623
WAMSF,MT. BAKER-SNOQ NF,SONNY BOY,056,2003-08-01,2003-08-01,391.14601969,2003,UNKNOWN,17038252.4644,19061.6403524
WAMSF,MT. BAKER-SNOQ NF,DOME CREEK,063,2004-08-01,2004-08-01,229.20416381,2004,UNKNOWN,9984093.43893,12539.983344
WAOWF,OKAN-WEN NF,MCCOY,111,2007-09-27,2007-09-27,484.66368623,2007,UNKNOWN,21111865.7246,21469.3857269
WAOWF,OKAN-WEN NF,EIGHTMILE,106,2010-08-18,2010-08-18,189.89080314,2010,LIGHTNING,8271610.29815,11974.5440223
WAOWF,OKAN-WEN NF,CRYSTAL,122,2003-08-01,2003-08-01,1284.65082626,2003,UNKNOWN,55959166.1544,47262.3456387
WASES,WA DNR - SE REGION,MIDDLE FORK,UNKNOWN,2003-08-01,2003-08-01,2109.98353987,2003,UNKNOWN,91910515.3534,45320.989352
WASES,WA DNR - SE REGION,CARPENTER GULCH,287,2008-07-09,2008-08-11,120.7232244,2008,MISCELLANEOUS,5258682.62017,10019.1871779
WASES,WA DNR - SE REGION,NORTH FORK,408,2005-08-29,2005-08-29,136.25182958,2005,UNKNOWN,5935105.95619,10160.3600886
WACOA,COLVILLE AGENCY,RATTLESNAKE,070,2013-07-04,2013-07-05,506.66199677,2013,MISCELLANEOUS,22070108.2984,19755.4985039
WASES,WA DNR - SE REGION,25 MILE,199,2013-07-04,2013-07-08,2097.80322123,2013,UNKNOWN,91379942.7959,58918.5259846
WACOA,COLVILLE AGENCY,HWY 155,118,2013-07-08,2013-07-10,194.22565463,2013,MISCELLANEOUS,8460435.67379,14281.2208145
WANES,WA DNR - NE REGION,KNOX IN THE MIDDLE,642,2013-08-01,2013-08-05,79.74378985,2013,LIGHTNING,3473625.59147,7012.34737698
WANES,WA DNR - NE REGION,KNOX KNOX,650,2013-08-01,2013-08-05,3.95287959,2013,LIGHTNING,172186.746192,1900.84640308
WAOWF,OKAN-WEN NF,MOORE POINT,366,2013-07-28,2013-08-03,1573.13792257,2013,LIGHTNING,68525613.8038,41993.6711721
WAYAA,BIA - YAKIMA,MILE MARKER 28,081,2013-07-24,2013-08-04,26091.66238271,2013,MISCELLANEOUS,1136548267.18,237574.704667
WAOWF,OKAN-WEN NF,BUCKHORN,610,2012-09-09,2012-09-24,4631.12177558,2012,LIGHTNING,201730857.618,71123.1921497
WAOWF,OKAN-WEN NF,FRENCH CABIN CREEK,589,2012-09-10,2012-09-24,42.73913369,2012,LIGHTNING,1861709.21678,6192.76621206
WAOWF,OKAN-WEN NF,FIRST CREEK,573,2012-09-09,2012-09-25,1361.00014754,2012,LIGHTNING,59284929.2863,64596.0447332
WAOWF,OKAN-WEN NF,MAVERICK,612,2012-09-11,2012-09-27,20.54254177,2012,LIGHTNING,894829.540096,4392.58890289
WAOWF,OKAN-WEN NF,GOAT,649,2012-09-15,2012-09-26,7377.6025074,2012,MISCELLANEOUS,321367079.75,114677.215902
WAOWF,OKAN-WEN NF,POISON CANYON,470,2012-09-08,2012-09-29,5931.40079488,2012,LIGHTNING,258370785.139,87919.8133591
WAOWF,OKAN-WEN NF,CANYON,559,2012-09-09,2012-09-29,7557.52421717,2012,LIGHTNING,329204438.078,114918.867088
WAOWF,OKAN-WEN NF,WHITE PINE,655,2012-09-11,2012-09-30,60.85919638,2012,LIGHTNING,2651015.99039,7027.3584128
WAOWF,OKAN-WEN NF,CASHMERE,548,2012-09-09,2012-10-06,2791.69448074,2012,UNKNOWN,121605725.157,90124.357685
WAOWF,OKAN-WEN NF,PYRAMID,510,2012-09-09,2012-10-06,1906.12772526,2012,LIGHTNING,83030591.5889,44616.6276745
WAOWF,OKAN-WEN NF,KLONE PEAK,507,2012-09-09,2012-10-06,1506.49192302,2012,LIGHTNING,65622525.6759,50631.2109521
WAOWF,OKAN-WEN NF,BASALT PEAK,620,2012-09-12,2012-10-06,1261.05014419,2012,UNKNOWN,54931124.556,38232.7281296
WAOWF,OKAN-WEN NF,CUITIN LAKE,656,2012-09-11,2012-10-06,309.12280753,2012,LIGHTNING,13465335.6347,25045.2609577
WAOWF,OKAN-WEN NF,SEARS CREEK,511,2012-09-09,2012-10-06,656.20735759,2012,UNKNOWN,28584278.1592,28675.8100469
WAOWF,OKAN-WEN NF,PEAVINE CANYON,482,2012-09-08,2012-10-06,19997.98138104,2012,LIGHTNING,871108584.513,238886.544469
WASPS,WA DNR - SPS REGION,POWERLINE #2,066,2012-10-04,2012-10-06,229.4779795,2012,ARSON,9996020.80282,19724.5705055
WAOWF,OKAN-WEN NF,TABLE MOUNTAIN FIRE,642,2012-09-15,2012-10-06,42481.23861478,2012,LIGHTNING,1850475352.14,324172.530572
WACOA,COLVILLE AGENCY,ST MARY'S MISSION ROAD,012198,2012-10-02,2012-10-10,16853.18303864,2012,UNKNOWN,734121716.668,273642.706281
WAGPF,GIFFORD PINCHOT NF,CASCADE CREEK,563,2012-09-09,2012-10-07,20096.32065296,2012,LIGHTNING,875392226.064,293816.22062
WACOF,COLVILLE NF,RADIO,1010,2012-09-11,2012-10-01,190.95832857,2012,LIGHTNING,8318111.51982,12094.9700444
WAGPF,GIFFORD PINCHOT NF,SOUTH POINT,628,2012-09-19,2012-10-09,336.81498277,2012,UNKNOWN,14671601.9628,18678.7479126
WASES,WA DNR - SE REGION,FOSTER CREEK,0184,2012-07-12,2012-07-16,1294.12726798,2012,LIGHTNING,56371958.3048,62912.3391585
WASES,WA DNR - SE REGION,QUILOMENE,170,2012-07-12,2012-07-17,156.93495816,2012,LIGHTNING,6836059.43298,19648.8322701
WASES,WA DNR - SE REGION,LITTTLE PARKE CREEK,433,2012-09-05,2012-09-07,692.94103598,2012,RECREATION,30184390.7894,37334.4695672
WACOA,COLVILLE AGENCY,METEOR,048,2012-04-11,2012-11-19,210.58514453,2012,UNKNOWN,9173052.20362,13425.5041306
WACOA,COLVILLE AGENCY,SOUTH OMAK LAKE,106,2012-07-13,2012-11-19,1002.99843724,2012,UNKNOWN,43690437.1638,53397.7662716
WAYAA,BIA - YAKIMA,NORTH AHTANUM,118,2012-08-31,2012-09-02,1661.10995281,2012,UNKNOWN,72357660.1131,45683.1439796
WASPD,SPOKANE BLM,CACHE BUTTE,50156,2012-07-10,2012-07-10,470.30298593,2012,UNKNOWN,20486316.1214,19173.0913292
WASPD,SPOKANE BLM,CRANE ROAD,302,2012-08-01,2012-08-01,11131.87513842,2012,UNKNOWN,484902541.414,128842.65744
WASPD,SPOKANE BLM,WASHOUT,50111,2012-06-30,2012-06-30,595.70041073,2012,UNKNOWN,25948606.0968,42328.7593999
WAGPF,GIFFORD PINCHOT NF,COLD SPRINGS,005,2008-07-12,2008-07-20,7982.99113452,2008,LIGHTNING,347737702.865,102604.890331
WAOLS,WA DNR - OLY REGION,BECKETT POINT,UNKNOWN,2011-09-05,2011-09-05,19.08746161,2011,UNKNOWN,831446.502129,6054.27336799
WASPS,WA DNR - SPS REGION,CALIFORNIA RD,UNKNOWN,2011-08-14,2011-08-14,0.40223456,2011,UNKNOWN,17521.2671365,807.222178912
WAWFS,WA FIRE SERVICE,BELL PLAIN,UNKNOWN,2011-09-05,2011-09-05,3951.88057295,2011,UNKNOWN,172143229.183,159420.425074
WASPD,SPOKANE BLM,241-BLM,245,2012-07-19,2012-07-19,4614.20558781,2012,UNKNOWN,200993991.427,93659.8554773
WASPD,SPOKANE BLM,ANTOINE 2,50310,2012-08-05,2012-08-08,6838.65621357,2012,UNKNOWN,297890673.097,92506.9642937
WACOA,COLVILLE AGENCY,BUFFALO LAKE ROAD,148,2012-08-15,2012-08-18,11307.50802329,2012,LIGHTNING,492553079.276,180204.482941
WASPD,SPOKANE BLM,DEATH WIND CANYON,50368,2012-08-19,2012-08-19,824.0437755,2012,LIGHTNING,35895203.2797,34888.8790002
WASES,WA DNR - SE REGION,TAYLOR BRIDGE,064,2012-08-13,2012-08-22,23501.08189576,2012,MISCELLANEOUS,1023703032.55,290684.113383
WAYAA,BIA - YAKIMA,DIAMOND BUTTE,108,2012-08-19,2012-08-24,284.42605119,2012,UNKNOWN,12389549.2315,25796.4447641
WASPD,SPOKANE BLM,ROOSEVELT,119,2012-07-03,2012-07-06,2826.61213127,2012,MISCELLANEOUS,123126731.93,61801.2351757
ORWWF,WALLOWA-WHITMAN NF,CACHE CREEK,742,2012-08-21,2012-09-04,73694.73896911,2012,UNKNOWN,3210129988.94,464900.460586
WASES,WA DNR - SE REGION,HIGHWAY 141,430,2012-09-05,2012-09-09,1635.84274497,2012,UNKNOWN,71257024.942,62677.3216609
WACOA,COLVILLE AGENCY,MANILA CREEK,176,2012-09-09,2012-09-10,200.75702243,2012,LIGHTNING,8744940.91703,14841.7281887
WACOA,COLVILLE AGENCY,TOP OF PETER DAN CREEK,174,2012-09-08,2012-09-11,20.24074146,2012,LIGHTNING,881683.171093,4428.21746209
WACOA,COLVILLE AGENCY,TIMM BROTHERS,182,2012-09-09,2012-09-11,1358.68394334,2012,MISCELLANEOUS,59184035.835,45215.930142
WACOA,COLVILLE AGENCY,JIM CREEK #3,171,2012-09-08,2012-09-12,26.1523987,2012,LIGHTNING,1139193.93047,4997.67818323
WAWFS,WA FIRE SERVICE,LEAHY JUNCTION,308,2012-09-10,2012-09-13,72425.92991647,2012,LIGHTNING,3154860887.68,403190.247928
WASPD,SPOKANE BLM,BARKER CANYON,50491,2012-09-08,2012-09-13,15804.25044832,2012,UNKNOWN,688430395.799,225110.398254
WAWFS,WA FIRE SERVICE,APACHE PASS,310,2012-09-09,2012-09-13,23324.09347551,2012,UNKNOWN,1015993447.81,321822.590235
WAOWF,OKAN-WEN NF,LEECHER,571,2012-09-09,2012-09-17,1319.70299959,2012,LIGHTNING,57486032.7171,57087.7243234
WAOWF,OKAN-WEN NF,HUNTER,520,2012-09-09,2012-09-17,211.42089207,2012,LIGHTNING,9209457.22046,21011.9714434
WAOWF,OKAN-WEN NF,TRAIL CREEK,539,2012-09-09,2012-09-17,24.11552485,2012,LIGHTNING,1050468.06052,9433.60621692
WAOWF,OKAN-WEN NF,STAFFORD CREEK,585,2012-09-09,2012-09-23,33.80616122,2012,LIGHTNING,1472590.4923,8536.32790579
WAOWF,OKAN-WEN NF,DIAMOND HEAD,596,2012-09-10,2012-09-19,1055.94721861,2012,UNKNOWN,45996876.8545,107661.215269
WAOWF,OKAN-WEN NF,GOLD CREEK SPRINGS,462,2012-09-09,2012-09-19,31.51178589,2012,LIGHTNING,1372647.9026,5186.72676839
WAOWF,OKAN-WEN NF,OLD BLEWETT PASS,597,2012-09-10,2012-09-19,22.4092772,2012,LIGHTNING,976144.210157,7776.1236532
WAOWF,OKAN-WEN NF,MOON BEAM,595,2012-09-10,2012-09-18,0.30379979,2012,LIGHTNING,13233.465927,729.885636056
WAOWF,OKAN-WEN NF,JACK CREEK PASS,642,2012-09-09,2012-09-18,7.27095038,2012,UNKNOWN,316721.331691,3439.63368503
WAOWF,OKAN-WEN NF,BYRD,559,2012-09-09,2012-09-21,14164.08513399,2012,LIGHTNING,616985080.489,196347.800806
WAOWF,OKAN-WEN NF,TIMBER CREEK,644,2012-09-15,2012-09-20,153.01404743,2012,UNKNOWN,6665265.24496,13935.5811083
WAOWF,OKAN-WEN NF,WILD ROSE,534,2012-09-09,2012-09-22,1926.29887951,2012,UNKNOWN,83909243.5533,46233.3724619
WANES,WA DNR - NE REGION,CHAMOKANE CREEK,137,2007-07-02,2007-07-02,155.91204468,2007,UNKNOWN,6791501.5,13524.2003056
WACOF,COLVILLE NF,MT LEONA,015,2001-08-01,2001-08-01,4895.29859926,2001,UNKNOWN,213238354.028,84286.5223349
WACOA,COLVILLE AGENCY,SIX MILE 2,180,2013-08-10,2013-08-10,4.82819487,2013,UNKNOWN,210315.327306,1835.63813972
WACOA,COLVILLE AGENCY,WHITMORE SOUTH,180,2013-08-10,2013-08-10,169.38386422,2013,LIGHTNING,7378331.61214,11175.9192665
WACOA,COLVILLE AGENCY,SIX MILE,180,2013-08-10,2013-08-10,247.61426584,2013,LIGHTNING,10786034.2758,14418.5463417
WACOA,COLVILLE AGENCY,WHITMORE 3,180,2013-08-10,2013-08-10,4.98456802,2013,LIGHTNING,217126.91465,1950.40465232
WANES,WA DNR - NE REGION,LITTLE CHOPAKA,160,2007-07-07,2007-07-11,4428.34102028,2007,MISCELLANEOUS,192897763.25,61918.7637723
WAWFS,WA FIRE SERVICE,EASY STREET,236,2007-07-07,2007-07-07,5208.62754937,2007,MISCELLANEOUS,226886908.5,73626.3604079
WAOWF,OKAN-WEN NF,CROW CREEK,408,2007-08-02,2007-08-04,83.0082751,2007,UNKNOWN,3615826.0,13815.3651214
WASPD,SPOKANE BLM,DOUGLAS CREEK,006,2007-07-09,2007-07-10,3156.02448129,2007,FIREWORKS,137475876.5,48733.575247
WANES,WA DNR - NE REGION,TUNK GRADE,215,2007-07-14,2007-07-17,16498.06617585,2007,LIGHTNING,718652888.0,142982.086944
WAWFS,WA FIRE SERVICE,LES BLAIR,2399,2007-07-30,2007-08-01,7037.32239857,2007,UNKNOWN,306544537.5,72135.2901131
WASES,WA DNR - SE REGION,BEASLEY HILL,806,2007-08-14,2007-08-14,85.71552881,2007,UNKNOWN,3733753.5,8455.76579799
WACOF,COLVILLE NF,PEND D'OREILLE,194,2007-08-11,2007-08-18,9730.19778533,2007,LIGHTNING,423845720.141,133743.061184
WANCP,NORTH CASCADES NP,TOLO,112,2007-07-15,2007-08-16,293.17027851,2007,LIGHTNING,12770446.25,20220.8962758
WAMCR,MID COLUMBIA NWR,WAUTOMA,070084,2007-08-16,2007-08-17,67291.4018444,2007,MISCELLANEOUS,2931201739.5,320300.447665
WA,UNKNOWN,BLACK ROCK,808,2007-08-31,2007-09-01,32139.34579784,2007,UNKNOWN,1399984303.0,176767.732367
WA,UNKNOWN,MILEPOST 17,70082,2007-08-13,2007-09-07,6452.10503245,2007,MISCELLANEOUS,281052571.0,92282.3381921
WAWFS,WA FIRE SERVICE,HORSE HEAVEN COMPLEX - MCBEE,802,2007-07-13,2007-07-15,3097.28286821,2007,LIGHTNING,134917102.069,87691.4318205
WASES,WA DNR - SE REGION,EASTON RIDGE,407,2007-08-02,2007-08-04,401.45718434,2007,EQUIPMENT USE,17487405.0,25888.1305816
WA,UNKNOWN,SOUTH OMAK LAKE,247,2007-08-30,2007-08-30,10508.6868522,2007,ARSON,457756568.25,115832.460805
WAWFS,WA FIRE SERVICE,HORSE HEAVEN COMPLEX - OVERLOOK,802,2007-07-13,2007-07-16,19565.90062349,2007,LIGHTNING,852287222.0,183017.80307
WACOA,COLVILLE AGENCY,MANILLA CREEK,256,2007-09-10,2007-09-16,26799.11099589,2007,ARSON,1167364605.51,197519.781588
WASES,WA DNR - SE REGION,BOUGHTON MILL,685,2007-09-20,2007-09-22,138.02876607,2007,RAILROAD,6012509.0,11658.530239
WAYAA,BIA - YAKIMA,PINE SPRING,122,2007-08-11,2007-08-11,1850.59474959,2007,ARSON,80611584.845,50618.9347923
WAOWF,OKAN-WEN NF,DOMKE LAKE,434,2007-08-05,2007-09-11,10333.14695436,2007,LIGHTNING,450110080.886,151517.614731
WA,UNKNOWN,PANTHER CREEK WFU,611,2007-08-05,2007-09-28,204.02074262,2007,LIGHTNING,8887108.0,13166.5309175
WANES,WA DNR - NE REGION,ARBYS 231,415,2007-09-07,2007-09-07,6.56591814,2007,SMOKER,286010.25,3247.65422967
WANES,WA DNR - NE REGION,BURNT VALLEY,416,2007-09-08,2007-09-08,26.68260214,2007,ELECTRIC FENCE,1162289.5,4807.93858578
WA,UNKNOWN,WHISPERING PINES,UNKNOWN,2007-09-15,2007-09-15,14.05962924,2007,DEBRIS BURN,612435.0,3584.74596247
WASPD,SPOKANE BLM,MILLER HOMESTEAD,884,2012-09-01,2012-09-01,358.85403571,2012,UNKNOWN,15631619.2687,25084.4213438
WAOWF,OKAN-WEN NF,CAMELS HUMP,362,2008-07-24,2008-07-31,116.58766848,2008,MISCELLANEOUS,5078538.52475,11813.7201231
WANES,WA DNR - NE REGION,CAYUSE,358,2008-07-09,2008-07-13,1744.23240162,2008,DEBRIS BURN,75978459.5,48770.6465471
ORCGF,COLUMBIA RG NSA,MARYHILL,016,2006-06-18,2006-06-19,801.310141,2006,MISCELLANEOUS,34904930.1217,40590.7503536
WANES,WA DNR - NE REGION,GATEWAY LANE,196,2006-07-15,2006-07-15,113.23336596,2006,EQUIPMENT USE,4932425.69138,23223.2749354
WASPD,SPOKANE BLM,BADGER HOLLOW,UNKNOWN,2006-08-01,2006-08-01,7384.36203656,2006,UNKNOWN,321661523.662,80649.2156063
WASPD,SPOKANE BLM,WELCH ROAD,UNKNOWN,2006-08-01,2006-08-01,2570.95243167,2006,UNKNOWN,111990239.961,61496.0063147
WACOA,COLVILLE AGENCY,CAMERON LAKE ROAD,UNKNOWN,2006-08-22,2006-08-22,1568.08507291,2006,EQUIPMENT USE,68305512.5531,43658.0110876
WACOA,COLVILLE AGENCY,SWAWILLA BASIN,UNKNOWN,2006-07-14,2006-07-14,81.54705117,2006,ARSON,3552175.34018,9632.12060937
WANES,WA DNR - NE REGION,FRUIT HILL,258,2006-07-29,2006-07-29,115.56873834,2006,ARSON,5034154.10526,16502.1746476
WASES,WA DNR - SE REGION,PALOUSE RIVER,707,2006-08-23,2006-08-23,654.42068351,2006,UNKNOWN,28506450.9476,49537.6751398
WASPS,WA DNR - SPS REGION,CARBON COPY,062,2006-08-20,2006-08-31,276.96980421,2006,UNKNOWN,12064756.4123,17137.0775564
WAOWF,OKAN-WEN NF,TRINITY,521,2004-07-22,2004-07-23,3.53739765,2004,LIGHTNING,154088.425485,1653.87029066
WAYAA,BIA - YAKIMA,SPRING CREEK,006,2004-04-27,2004-04-30,707.44859209,2004,DEBRIS BURN,30816337.4056,29593.3465171
WAMSF,MT. BAKER-SNOQ NF,FATHERS DAY,UNKNOWN,2004-06-19,2004-06-19,20.49742216,2004,UNKNOWN,892864.137804,3732.01542727
WAMSF,MT. BAKER-SNOQ NF,SWIFT CREEK,121,2004-07-17,2004-07-27,172.9171597,2004,LIGHTNING,7532241.34767,12026.0282686
WAMSF,MT. BAKER-SNOQ NF,SURVEY POINT,UNKNOWN,2004-08-14,2004-08-21,68.18345872,2004,LIGHTNING,2970059.58165,6862.11798941
WAOWF,OKAN-WEN NF,GLORY MOUNTAIN,080,2001-08-01,2001-08-01,928.73202986,2001,UNKNOWN,40455405.3986,25815.6412143
WAOWF,OKAN-WEN NF,SWEETGRASS,031,2003-08-01,2003-08-01,181.31183649,2003,UNKNOWN,7897912.00594,13649.1516812
WACOF,COLVILLE NF,TOGO,035,2003-08-01,2003-08-01,5218.37220836,2003,UNKNOWN,227311384.148,98106.4292993
WAOWF,OKAN-WEN NF,WILCOX,081,2003-08-01,2003-08-01,440.55194383,2003,UNKNOWN,19190365.9116,32278.8284475
WAOWF,OKAN-WEN NF,MIDDLE QUARTZ MT,028,2002-08-01,2002-08-01,7402.71028141,2002,UNKNOWN,322460770.011,204799.397718
WAOWF,OKAN-WEN NF,QUARTZ MT,030,2002-08-01,2002-08-01,4208.26808036,2002,UNKNOWN,183311424.333,104080.961932
WA,UNKNOWN,ICICLE COMPLEX,UNKNOWN,2001-08-14,2001-08-21,8006.07151715,2001,LIGHTNING,348743080.311,156012.787039
WANES,WA DNR - NE REGION,MARSHALL,326,2007-08-11,2007-08-11,384.39492287,2007,UNKNOWN,16744175.8635,42410.6582353
WASES,WA DNR - SE REGION,ELLENSBURG PASS,649,2007-09-10,2007-09-10,452.8422728,2007,UNKNOWN,19725730.5,19542.0393007
WANES,WA DNR - NE REGION,WRIGHTS VALLEY,408,2007-09-03,2007-09-03,226.22968132,2007,UNKNOWN,9854525.5,15749.0181777
WAOWF,OKAN-WEN NF,CONRAD LAKE,530,2013-08-13,2013-09-01,1103.61828217,2013,LIGHTNING,48073420.077,46073.2432733
WASPD,SPOKANE BLM,BURBANK,324,2013-07-22,2013-07-23,202.56539119,2013,MISCELLANEOUS,8823713.14517,21168.680907
WANES,WA DNR - NE REGION,KEYSTONE NORTH,633,2013-08-01,2013-08-05,459.27384245,2013,UNKNOWN,20005888.5535,22048.4126775
WANES,WA DNR - NE REGION,KEYSTONE,608,2013-08-01,2013-08-05,434.30626536,2013,LIGHTNING,18918305.2456,26210.8105101
WANES,WA DNR - NE REGION,TUNK PEAK,651,2013-08-01,2013-08-05,12.60465383,2013,LIGHTNING,549056.524513,3251.38116457
WANES,WA DNR - NE REGION,CORRAL LAKE,640,2013-08-01,2013-08-05,0.97552986,2013,UNKNOWN,42493.910641,904.377542555
WAWFS,WA FIRE SERVICE,DEAD CANYON,405,2013-09-10,2013-09-12,3707.96743489,2013,MISCELLANEOUS,161518415.388,129038.552966
WASPD,SPOKANE BLM,WEBBER,50795,2013-09-18,2013-09-19,681.24457214,2013,FIREWORKS,29674894.8626,28878.3077393
WAWFS,WA FIRE SERVICE,B&O,221,2013-07-15,2013-07-16,1451.1550919,2013,UNKNOWN,63212062.954,65645.4630734
WASPD,SPOKANE BLM,IONE,194,2013-07-04,2013-07-08,338.53387351,2013,MISCELLANEOUS,14746476.544,22458.2074875
WASES,WA DNR - SE REGION,GRAND RONDE,1034,2013-08-29,2013-08-30,613.01622248,2013,LIGHTNING,26702879.8393,23824.0033569
WASES,WA DNR - SE REGION,MAIL TRAIL,217,2013-06-09,2013-06-13,2495.18489127,2013,MISCELLANEOUS,108689819.103,67432.8451364
WAPCS,WA DNR - PC REGION,DOG MOUNTAIN,002,2013-05-04,2013-05-13,198.76701237,2013,UNKNOWN,8658256.42586,19572.7267319
ORCGF,COLUMBIA RG NSA,MAJOR CREEK,199,2013-07-03,2013-07-05,149.20407621,2013,MISCELLANEOUS,6499303.56234,12530.3179144
WAOWF,OKAN-WEN NF,ALPINE,518,2014-08-01,2014-08-12,19.39150482,2014,LIGHTNING,844690.571157,4111.0319907
WAOWF,OKAN-WEN NF,CHIWAUKUM CREEK,356,2014-07-15,2014-08-12,13894.58962778,2014,LIGHTNING,605245903.195,287372.053703
WAWFS,WA FIRE SERVICE,SNAKE RIVER,368,2016-08-02,2016-08-04,11366.23858601,2016,HUMAN,495111372.355,165543.009602
WAOLP,OLYMPIC NP,COX VALLEY,135,2016-07-21,2016-08-26,56.99801953,2016,LIGHTNING,2482823.79928,13295.7125857
WANWS,WA DNR - NW REGION,HOT SHOT,015,2016-05-12,2016-05-17,59.49864153,2016,UNKNOWN,2591750.45794,9792.90427401
WASES,WA DNR - SE REGION,25 MILE,279,2014-07-10,2014-07-10,218.18466731,2014,UNKNOWN,9504086.09136,17067.7122803
WASES,WA DNR - SE REGION,SKOOKUM,332,2014-07-14,2014-07-14,60.84558576,2014,UNKNOWN,2650423.11395,8332.93479443
WANES,WA DNR - NE REGION,CARLTON COMPLEX-RISING EAGLE RD,487,2014-07-14,2014-08-12,255899.59574273,2014,LIGHTNING,11146941802.7,1437464.70532
WACOA,COLVILLE AGENCY,DEVILS ELBOW,168,2014-08-03,2014-08-13,24003.21453281,2014,LIGHTNING,1045575842.73,460297.763034
WASPD,SPOKANE BLM,WATERMELON,591,2014-07-19,2014-07-20,11416.981906,2014,UNKNOWN,497321742.532,124575.550086
WAOWF,OKAN-WEN NF,UPPER FALLS,570,2014-08-06,2014-08-20,8113.66736329,2014,LIGHTNING,353429936.621,194027.613888
WAOWF,OKAN-WEN NF,SOUTH CLE ELUM RIDGE,621,2014-08-07,2014-08-19,887.71468514,2014,UNKNOWN,38668697.0096,48209.6349021
WASES,WA DNR - SE REGION,I-82 MANASHTASH,226,2014-07-03,2014-07-04,1994.73310648,2014,BURNIN MATERIAL,86890226.5562,80456.7833064
WASES,WA DNR - SE REGION,YAXON CANYON,849,2014-09-22,2014-09-23,45.8382727,2014,LIGHTNING,1996707.17176,6747.09859966
WASES,WA DNR - SE REGION,FOSTER CREEK,126,2014-06-03,2014-06-03,377.3075606,2014,LIGHTNING,16435451.5975,25256.2945199
WASES,WA DNR - SE REGION,BOX CANYON,580,2014-08-03,2014-08-03,54.74024098,2014,LIGHTNING,2384475.35915,6972.97945582
WASES,WA DNR - SE REGION,AUVIL CANYON,731,2014-08-21,2014-08-21,633.13542642,2014,LIGHTNING,27579268.8574,22523.6313902
WASES,WA DNR - SE REGION,BMIDC INC 881,646,2014-08-11,2014-08-11,131.76951708,2014,LIGHTNING,5739857.20444,14817.4189041
WASES,WA DNR - SE REGION,BMIDC INC 879,645,2014-08-11,2014-08-11,30.07020222,2014,LIGHTNING,1309852.76908,7381.51918084
WAPCS,WA DNR - PC REGION,TEAGUE RD,0065,2014-08-10,2014-08-10,58.57170025,2014,UNKNOWN,2551373.05731,8132.08191767
WACOA,COLVILLE AGENCY,BELVEDERE,057,2014-06-04,2014-06-04,865.45745791,2014,UNKNOWN,37699176.0693,29240.3369033
WACOA,COLVILLE AGENCY,BRODY CANYON,059,2014-06-12,2014-06-13,818.24416787,2014,UNKNOWN,35642573.3816,37419.617935
WACOA,COLVILLE AGENCY,LAWSON FLATS,037,2014-04-07,2014-04-08,410.67355137,2014,HUMAN,17888868.3422,33919.5591206
WANES,WA DNR - NE REGION,RUNNING DEER,1216,2014-08-27,2014-08-28,25.61081679,2014,UNKNOWN,1115602.71709,5937.91345662
WASES,WA DNR - SE REGION,SADDLE MOUNTAIN,358,2014-07-18,2014-07-18,24917.44287758,2014,UNKNOWN,1085399470.14,217063.408336
WAPCS,WA DNR - PC REGION,MINERAL HILL,0097,2014-09-07,2014-09-07,6.09674558,2014,UNKNOWN,265573.174996,2657.37593124
WASPD,SPOKANE BLM,MALAGA,112,2014-05-28,2014-05-29,1248.52299942,2014,LIGHTNING,54385444.3124,43877.0107371
WACOA,COLVILLE AGENCY,SILVER CREEK II,072,2014-07-04,2014-07-05,273.91414312,2014,HUMAN,11931652.3476,14021.743894
WAWFS,WA FIRE SERVICE,ROCK HILL,501,2014-07-06,2014-07-07,1129.53261576,2014,HUMAN,49202243.9331,40542.3720358
WANES,WA DNR - NE REGION,LAKE SPOKANE,443,2014-07-09,2014-07-10,1016.31089024,2014,STRUCTURE FIRE,44270325.2971,36176.5295567
WASPD,SPOKANE BLM,R ROAD,383,2014-07-16,2014-07-16,3320.86236455,2014,UNKNOWN,144656185.973,47557.5166062
WANES,WA DNR - NE REGION,BUGG ROAD,428,2014-07-21,2014-07-22,1168.94735515,2014,HUMAN,50919143.1132,33788.8201426
WAOWF,OKAN-WEN NF,SHOOFLY,587,2014-08-04,2014-08-15,163.05324888,2014,LIGHTNING,7102571.1107,31112.3368995
WANWS,WA DNR - NW REGION,PROCTOR CREEK 62 RD,016,2016-05-13,2016-05-15,289.15345057,2016,UNKNOWN,12595473.9249,19187.2346914
WAMCR,MID COLUMBIA NWR,DIVISION ROAD,393,2016-08-10,2016-08-13,722.28632487,2016,UNKNOWN,31462666.4602,39478.3415266
WASPD,SPOKANE BLM,WEBBER CANYON,082,2016-05-11,2016-05-16,504.28730502,2016,UNKNOWN,21966667.1396,32050.9858174
WASPD,SPOKANE BLM,SUNLAND,114,2016-05-29,2016-05-31,1912.50084442,2016,HUMAN,83308203.5493,50293.0142107
WACOA,COLVILLE AGENCY,TIMM RANCH,037,2016-06-08,2016-06-22,1357.3019961,2016,UNKNOWN,59123838.4542,44401.9547159
WASPD,SPOKANE BLM,BEAM ROAD,170,2016-06-20,2016-06-20,1293.95488443,2016,HUMAN,56364449.3074,47264.9389402
WASPD,SPOKANE BLM,ROCKY FORD,430,2016-07-09,2016-07-11,1951.63481684,2016,HUMAN,85012872.569,51962.8975735
WASPD,SPOKANE BLM,MCBEE COMMAND,253,2016-07-14,2016-07-15,1689.16982852,2016,HUMAN,73579943.4097,63676.7037222
WASES,WA DNR - SE REGION,ANTILON LAKE,340,2016-07-29,2016-07-30,827.07515956,2016,UNKNOWN,36027249.8411,30705.3352134
WASPD,SPOKANE BLM,BLACK ROCK ROAD,597,2016-07-30,2016-07-31,16005.33672165,2016,UNKNOWN,697189678.828,207695.604635
WAOWF,OKAN-WEN NF,HALFWAY,352,2016-07-31,2016-08-01,341.2472569,2016,HUMAN,14864671.0519,20374.4670357
WASPD,SPOKANE BLM,RANGE 12,344,2016-07-30,2016-08-03,176580.63221659,2016,UNKNOWN,7691821571.98,616505.36102
WAWFS,WA FIRE SERVICE,ROAD 10,704,2016-08-02,2016-08-04,2567.78464465,2016,UNKNOWN,111852251.711,56751.6511701
WACOA,COLVILLE AGENCY,KEWA,082,2016-08-02,2016-08-10,1893.98283359,2016,UNKNOWN,82501562.2241,68306.7718734
WAYAA,BIA - YAKIMA,TULE #6,147,2016-08-21,2016-08-22,8469.38731608,2016,UNKNOWN,368925035.784,92882.2300003
WAWFS,WA FIRE SERVICE,KAHLOTUS,444,2016-08-21,2016-08-24,8463.65626039,2016,UNKNOWN,368675391.996,102479.114165
WANES,WA DNR - NE REGION,WELLESLEY,807,2016-08-21,2016-08-24,341.17201945,2016,UNKNOWN,14861393.7215,26226.354385
WANES,WA DNR - NE REGION,CAYUSE MTN.,024,2016-08-21,2016-08-30,18095.96213619,2016,HUMAN,788256957.615,164244.900138
WANES,WA DNR - NE REGION,YALE,808,2016-08-21,2016-08-28,5870.2343241,2016,UNKNOWN,255706384.329,174644.143088
WANES,WA DNR - NE REGION,HART,806,2016-08-21,2016-08-30,4936.45939127,2016,UNKNOWN,215031310.956,101132.83761
WANES,WA DNR - NE REGION,DEEP NORTH,802,2016-08-21,2016-08-31,590.98276295,2016,UNKNOWN,25743106.1812,50665.3695558
WAOWF,OKAN-WEN NF,MILLS CANYON,267,2014-07-08,2014-07-19,22005.97065323,2014,STRUCTURE FIRE,958576247.338,158272.516009
WASES,WA DNR - SE REGION,SUNCREST,459,2016-08-27,2016-08-30,420.12428774,2016,UNKNOWN,18300540.7714,31658.4691837
WASES,WA DNR - SE REGION,COTTONWOOD,168,2014-06-17,2014-06-18,8942.47742054,2014,MISCELLANEOUS,389532758.303,109047.634879
WASPD,SPOKANE BLM,BIGHORN,615,2014-08-06,2014-08-06,265.97106069,2014,UNKNOWN,11585653.0608,16906.006883
WASPD,SPOKANE BLM,COYOTE FLATS,050335,2014-07-14,2014-07-15,1785.49945304,2014,LIGHTNING,77776045.0693,78924.4093103
WASES,WA DNR - SE REGION,STATION,595,2014-08-04,2014-08-05,37.38143728,2014,UNKNOWN,1628328.89456,6780.13640781
WANCP,NORTH CASCADES NP,THUNDER CREEK,002,2015-05-30,2015-06-04,103.31840727,2015,LIGHTNING,4500531.81837,8933.62859326
WANES,WA DNR - NE REGION,EGYPT LOOP 2,435,2015-06-15,2015-06-22,209.70229117,2015,UNKNOWN,9134595.26482,13143.1053693
WAMCR,MID COLUMBIA NWR,SADDLE LAKES,283,2015-06-28,2015-06-29,14449.33042069,2015,LIGHTNING,629410315.477,103091.823336
WASES,WA DNR - SE REGION,SLEEPY HOLLOW,282,2015-06-28,2015-07-02,2953.61247596,2015,UNKNOWN,128658844.816,88095.7740177
WAWFS,WA FIRE SERVICE,JUNCTION,603,2015-07-05,2015-07-06,981.15973324,2015,UNKNOWN,42739147.023,35392.4934286
WASES,WA DNR - SE REGION,DAVIES PASS,341,2015-07-02,2015-07-06,1300.21261557,2015,UNKNOWN,56637034.9854,37810.9950554
WASPD,SPOKANE BLM,BEEZLEY HILL,363,2015-07-05,2015-07-08,1715.42564228,2015,UNKNOWN,74723642.0822,43344.9620742
WASPD,SPOKANE BLM,WILLOW SPRINGS,364,2015-07-05,2015-07-08,486.06882163,2015,UNKNOWN,21173073.1776,27731.8982231
WACOA,COLVILLE AGENCY,TWENTY-ONE MILE GRADE,098,2015-07-01,2015-07-08,2252.2362802,2015,HUMAN,98107019.9361,56285.6399358
WANES,WA DNR - NE REGION,231,621,2015-07-03,2015-07-09,970.70649398,2015,HUMAN,42283805.742,37589.1333217
WANES,WA DNR - NE REGION,LITTLE SPOKANE,659,2015-07-09,2015-07-11,167.81192034,2015,UNKNOWN,7309858.01049,13949.5577297
WAGPF,GIFFORD PINCHOT NF,HORSESHOE,295,2015-07-03,2015-07-12,340.18107918,2015,LIGHTNING,14818228.536,17828.5857488
WAGPF,GIFFORD PINCHOT NF,RILEY,351,2015-07-09,2015-07-13,65.1330744,2015,LIGHTNING,2837185.3719,10515.5778951
WAOWF,OKAN-WEN NF,WILDHORSE,498,2015-07-20,2015-07-21,163.43600672,2015,LIGHTNING,7119243.97556,17356.4096085
WAPCS,WA DNR - PC REGION,COLVIN CREEK,165,2015-07-19,2015-07-22,110.63053868,2015,HUMAN,4819046.98853,12307.9306725
WASES,WA DNR - SE REGION,BLUE CREEK,653,2015-07-20,2015-07-30,5992.50549703,2015,UNKNOWN,261032495.318,132750.092181
WACOF,COLVILLE NF,NORTH BOULDER 2,867,2015-07-20,2015-07-31,232.57869168,2015,LIGHTNING,10131087.285,18566.0356276
WAOWF,OKAN-WEN NF,BUCK CREEK,295,2016-07-22,2016-08-29,3207.42894521,2016,LIGHTNING,139715045.992,66767.4802531
WAOWF,OKAN-WEN NF,SAUL,437,2016-08-21,2016-08-29,463.72948718,2016,UNKNOWN,20199975.6613,19749.3160893
WAPCS,WA DNR - PC REGION,GISH,232,2015-08-09,2015-08-10,101.43773091,2015,UNKNOWN,4418609.88399,10156.9372391
WANES,WA DNR - NE REGION,9 MILE,001147,2015-08-13,2015-08-16,4720.39583362,2015,UNKNOWN,205619620.032,88038.0160006
WACOF,COLVILLE NF,BALDY,001003,2015-08-01,2015-08-17,515.18595033,2015,UNKNOWN,22441410.2306,35348.664616
WAOWF,OKAN-WEN NF,WOLVERINE,287,2015-06-29,2015-09-13,65549.74496403,2015,LIGHTNING,2855335469.26,1414734.39884
WANES,WA DNR - NE REGION,CARPENTER ROAD,001235,2015-08-14,2015-09-12,64043.29159494,2015,LIGHTNING,2789714622.98,490287.743364
WASPD,SPOKANE BLM,REACH,651,2015-08-14,2015-09-13,89093.40391715,2015,UNKNOWN,3880893151.01,1075595.86828
WANES,WA DNR - NE REGION,ROY,001222,2015-08-14,2015-08-20,120.26315236,2015,UNKNOWN,5238641.96202,14944.3361381
WANCP,NORTH CASCADES NP,ROCKY BEAVER,046,2015-08-10,2015-08-23,140.98689395,2015,LIGHTNING,6141364.53478,9897.94133837
WASPD,SPOKANE BLM,LOWER CRAB CREEK,379,2016-08-05,2016-08-12,5746.62856025,2016,UNKNOWN,250322138.793,148595.78553
WAOLP,OLYMPIC NP,HAYES TWO,153,2016-07-26,2016-09-08,2389.9156134,2016,LIGHTNING,104104307.701,119368.1589
WAOLP,OLYMPIC NP,GODKIN,151,2016-07-25,2016-09-08,563.31251177,2016,LIGHTNING,24537794.861,49324.8757052
WAOLP,OLYMPIC NP,IGNAR CREEK,162,2016-07-29,2016-09-08,79.93271576,2016,LIGHTNING,3481855.17088,14375.6845128
WASPD,SPOKANE BLM,MORRIS LANE,337,2016-07-28,2016-08-11,1414.5968398,2016,HUMAN,61619591.8627,50168.6144734
WACOA,COLVILLE AGENCY,ELMER CITY,129,2016-09-11,2016-09-12,5491.12975663,2016,HUMAN,239192655.425,75212.2655179
WAWFS,WA FIRE SERVICE,STARBUCK,162,2016-07-17,2016-09-12,2481.14595978,2016,HUMAN,108078285.694,46268.3847056
WAWFS,WA FIRE SERVICE,FLETCHER ROAD,385,2016-08-07,2016-09-12,6780.17975416,2016,LIGHTNING,295343448.714,129999.157658
WAWFS,WA FIRE SERVICE,230 SWITCH YARD,502,2016-09-12,2016-09-12,234.20966066,2016,UNKNOWN,10202132.0095,13372.015726
WASPD,SPOKANE BLM,OLD LADY CREEK,497,2016-09-10,2016-09-13,2548.08769402,2016,UNKNOWN,110994255.973,65556.5724485
WAOWF,OKAN-WEN NF,ROCK CREEK,495,2016-09-10,2016-09-16,1382.51249499,2016,UNKNOWN,60222003.3929,48157.8803205
WANES,WA DNR - NE REGION,PICKENS NORTH,832,2016-08-24,2016-08-26,724.04509913,2016,HUMAN,31539278.3606,32862.4111715
WAWFS,WA FIRE SERVICE,SOUTH WARD GAP,353,2016-07-31,2016-09-27,5039.58157351,2016,UNKNOWN,219523295.246,73349.9993841
WANCP,NORTH CASCADES NP,LONE MOUNTAIN 1,018,2014-07-14,2014-08-07,2436.74850045,2014,LIGHTNING,106144340.101,99833.7625872
WAWFS,WA FIRE SERVICE,SAND RIDGE,513,2014-08-20,2014-08-25,2276.76296247,2014,LIGHTNING,99175397.9425,106307.509021
WAOWF,OKAN-WEN NF,LITTLE BRIDGE CREEK,538,2014-08-03,2014-08-17,4959.32444003,2014,LIGHTNING,216027308.496,236117.890961
WAGPF,GIFFORD PINCHOT NF,ALDER LAKE,627,2015-07-26,2015-09-30,359.40817821,2015,LIGHTNING,15655757.6197,24915.0380721
WASPD,SPOKANE BLM,PEGG CANYON,427,2015-07-10,2015-07-12,14769.15206569,2015,LIGHTNING,643341690.607,305221.910955
WAWFS,WA FIRE SERVICE,TRINIDAD,514,2014-09-13,2014-09-15,211.1950849,2014,HUMAN,9199621.09985,18606.6851004
WAOWF,OKAN-WEN NF,MIDDLE MOUNTAIN,311,2014-07-13,2014-08-17,412.45700483,2014,LIGHTNING,17966555.2639,23462.8469436
WAWFS,WA FIRE SERVICE,MONUMENTAL,UNKNOWN,2014-09-03,2014-09-03,11402.42567371,2014,HUMAN,496687675.59,123632.63805
WACOF,COLVILLE NF,SOUTH FORK SLATE TRAIL - D5,001218,2015-08-18,2015-10-09,170.93119729,2015,UNKNOWN,7445733.17088,14914.8612919
WACOF,COLVILLE NF,STICKPIN,001111,2015-08-11,2015-09-22,53828.52793618,2015,LIGHTNING,2344761297.83,481587.304042
WACOF,COLVILLE NF,RENNER,001202,2015-08-17,2015-09-22,13794.41134383,2015,UNKNOWN,600882154.601,141001.268351
WACOF,COLVILLE NF,GRAVES MOUNTAIN,001196,2015-08-14,2015-09-22,8570.23286642,2015,LIGHTNING,373317850.386,132256.844419
ORUMF,UMATILLA NF,BEAR RIDGE,935,2015-08-13,2015-10-15,1943.18944025,2015,LIGHTNING,84644993.4362,72186.5856003
ORUMF,UMATILLA NF,BUTTE CREEK,945,2015-08-13,2015-10-15,78759.43333982,2015,LIGHTNING,3430747193.25,784027.962952
ORUMF,UMATILLA NF,GREEN RIDGE,001027,2015-08-13,2015-10-15,2.91894784,2015,LIGHTNING,127148.85929,1479.6032304
ORUMF,UMATILLA NF,WEST BUTTE,946,2015-08-13,2015-10-15,4.31466382,2015,LIGHTNING,187946.004398,1638.01698493
WAOWF,OKAN-WEN NF,LIME BELT,657,2015-08-14,2015-09-25,133821.38283772,2015,LIGHTNING,5829236119.4,1341616.44488
WACOA,COLVILLE AGENCY,NORTH STAR,157,2015-08-13,2015-09-26,218251.93500824,2015,HUMAN,9507016260.78,980277.147008
WANES,WA DNR - NE REGION,TUNK BLOCK,001219,2015-08-14,2015-09-26,165923.95230543,2015,LIGHTNING,7227618451.86,1290391.31655
WAOWF,OKAN-WEN NF,NEWBY LAKE,337,2015-07-02,2015-08-11,5158.25346378,2015,LIGHTNING,224692622.109,183073.214726
WAOWF,OKAN-WEN NF,KELLY MOUNTAIN,375,2014-07-16,2014-07-25,124.17705199,2014,LIGHTNING,5409130.74796,20626.4896282
WAOWF,OKAN-WEN NF,DUNCAN,377,2014-07-16,2014-08-20,12697.04812733,2014,LIGHTNING,553081204.095,246702.342334
WASES,WA DNR - SE REGION,SNAG CANYON,559,2014-08-02,2014-08-21,12595.053042,2014,LIGHTNING,548638315.95,239743.982283
WASES,WA DNR - SE REGION,HANSEL CREEK,549,2014-08-02,2014-08-19,1072.40231553,2014,LIGHTNING,46713658.0091,46122.2210796
WASPS,WA DNR - SPS REGION,HAVEN LAKE,0050,2014-08-11,2014-08-17,167.74417815,2014,HUMAN,7306907.17229,15333.5493388
WASES,WA DNR - SE REGION,WOOD GULCH,UNKNOWN,2007-07-13,2007-07-16,7665.60427041,2007,LIGHTNING,333912386.365,117458.564727
WACOF,COLVILLE NF,CURVE BALL,UNKNOWN,2007-07-13,2007-07-19,108.7343823,2007,LIGHTNING,4736450.74733,13409.656894
WACOF,COLVILLE NF,WINDY RIDGE,UNKNOWN,2007-07-13,2007-07-19,217.65390093,2007,LIGHTNING,9480966.00059,15474.5715905
WANES,WA DNR - NE REGION,TRIPOD (TRIPOD COMPLEX),243,2006-07-24,2006-09-15,174602.85445785,2006,UNKNOWN,7605669917.41,1669778.44749
WASES,WA DNR - SE REGION,ELK HEIGHTS,570,2004-07-30,2004-08-02,353.51181446,2004,ARSON,15398913.042,36591.8886077
WAOWF,OKAN-WEN NF,ISABEL,637,2003-09-07,2006-11-02,4267.02004645,2003,UNKNOWN,185870649.738,79564.8872967
WAOWF,OKAN-WEN NF,GOOSE LAKE,UNKNOWN,2001-08-13,2006-11-02,1282.69201701,2001,UNKNOWN,55873840.7651,37710.3003174
WAOWF,OKAN-WEN NF,THIRTYMILE,049,2001-07-23,2006-11-02,10344.78766472,2001,UNKNOWN,450617148.201,119582.928217
WACOA,COLVILLE AGENCY,SANDHILLS,180,2013-08-10,2013-08-11,115.85781347,2013,LIGHTNING,5046746.1679,9996.47263347
WAWFS,WA FIRE SERVICE,COLOCKUM TARPS,402,2013-07-27,2013-08-13,81733.27016772,2013,MISCELLANEOUS,3560287007.31,338423.228411
WAYAA,BIA - YAKIMA,JOJO,104,2013-08-11,2013-08-12,4242.96579207,2013,UNKNOWN,184822850.609,73923.9073969
WASES,WA DNR - SE REGION,MILEPOST 10,0940,2013-08-09,2013-08-14,5443.33991408,2013,LIGHTNING,237110938.211,102201.848792
WASPD,SPOKANE BLM,DESMARAIS,50090,2013-06-07,2013-06-18,10132.92422362,2013,UNKNOWN,441388413.622,172958.901489
WASPD,SPOKANE BLM,DENNIS COMMAND,198,2013-07-04,2013-07-06,332.86810106,2013,MISCELLANEOUS,14499676.4835,25959.9179233
WAOWF,OKAN-WEN NF,EAGLE,616,2013-08-19,2013-08-27,1465.80703442,2013,MISCELLANEOUS,63850299.0175,43107.7406152
WAWFS,WA FIRE SERVICE,GILMORE GULCH,605,2015-07-05,2015-08-01,7487.72699125,2015,UNKNOWN,326164083.079,139694.901618
WANCP,NORTH CASCADES NP,GOODE,031,2015-07-29,2015-08-03,479.30036122,2015,UNKNOWN,20878240.2217,19706.9242241
WAWFS,WA FIRE SERVICE,HWY 8,050595,2015-08-04,2015-08-08,33104.59216253,2015,UNKNOWN,1442030266.46,473397.963983
WASES,WA DNR - SE REGION,DRY CREEK,194,2017-07-07,2017-07-14,336.743809,2017,UNKNOWN,14668501.6457,26318.7441125
WANES,WA DNR - NE REGION,CANYON CREEK,221,2017-07-15,2017-07-16,3821.67494443,2017,HUMAN,166471494.692,61057.0639052
WACOA,COLVILLE AGENCY,REDFORD CANYON,053,2017-07-15,2017-07-20,831.37472668,2017,LIGHTNING,36214538.2357,32215.6315451
WANCP,NORTH CASCADES NP,SNOWFIELD,051,2015-08-10,2015-08-27,184.05096826,2015,UNKNOWN,8017228.10825,23389.0984949
WANCP,NORTH CASCADES NP,GOODELL,039,2015-08-10,2015-08-28,7118.08907997,2015,LIGHTNING,310062720.069,167632.660992
WANCP,NORTH CASCADES NP,CAT ISLAND,048,2015-08-10,2015-08-28,147.83188245,2015,LIGHTNING,6439531.04117,11249.8286121
WAOLP,OLYMPIC NP,PARADISE,005,2015-06-15,2015-09-26,2798.07884583,2015,LIGHTNING,121883826.987,114994.918732
WANES,WA DNR - NE REGION,GOLD HILL,001234,2015-08-23,2015-08-31,556.41682836,2015,LIGHTNING,24237420.0932,37365.1633298
WANCP,NORTH CASCADES NP,THURSDAY CREEK,040,2015-08-10,2015-08-27,566.29689074,2015,LIGHTNING,24667793.889,28672.2232704
WANCP,NORTH CASCADES NP,NO NAME 15,045,2015-08-10,2015-08-27,344.15597123,2015,LIGHTNING,14991374.1409,26162.4047747
WANES,WA DNR - NE REGION,TWISP RIVER,001351,2015-08-19,2015-08-29,11222.18847875,2015,UNKNOWN,488836574.782,136775.868628
WANES,WA DNR - NE REGION,MARBLE VALLEY,001224,2015-08-14,2015-08-31,3082.02413743,2015,UNKNOWN,134252434.415,69031.2225913
WAOWF,OKAN-WEN NF,BLANKENSHIP,443,2015-07-13,2015-09-02,212.37960162,2015,UNKNOWN,9251218.44177,32540.6787951
WACOF,COLVILLE NF,HALL MOUNTAIN,001302,2015-08-17,2015-09-02,39.20676821,2015,UNKNOWN,1707839.99202,5842.27468759
WANES,WA DNR - NE REGION,ONATA CREEK,001310,2015-08-17,2015-09-02,546.71084557,2015,LIGHTNING,23814629.1744,28220.4724899
WAOWF,OKAN-WEN NF,FIRST CREEK,650,2015-08-14,2015-09-04,7491.3629481,2015,LIGHTNING,326322464.725,164367.02669
WAYAA,BIA - YAKIMA,COUGAR CREEK,157,2015-08-10,2015-09-06,53513.97934638,2015,LIGHTNING,2331059616.06,465475.77142
WAOWF,OKAN-WEN NF,MEEKS TABLE,784,2015-09-12,2015-09-17,1021.37580047,2015,UNKNOWN,44490951.904,43134.8394171
WASES,WA DNR - SE REGION,HORSETHIEF BUTTE,789,2015-09-14,2015-09-17,6383.44221761,2015,UNKNOWN,278061630.749,113869.692628
WAMCR,MID COLUMBIA NWR,STATELINE,788,2015-09-13,2015-09-15,8007.52977668,2015,UNKNOWN,348806601.841,99198.5468996
WASPS,WA DNR - SPS REGION,SAWMILL CREEK,177,2017-09-04,2017-09-18,1098.52468357,2017,UNKNOWN,47851543.8096,46444.535594
WAOWF,OKAN-WEN NF,UNO PEAK,458,2017-08-30,2017-09-20,8751.09812245,2017,UNKNOWN,381196309.424,374062.423958
WAOWF,OKAN-WEN NF,NORSE PEAK,365,2017-08-11,2017-09-20,52062.07479758,2017,LIGHTNING,2267814906.9,740621.154723
WAOWF,OKAN-WEN NF,DIAMOND CREEK,267,2017-07-23,2017-09-27,127785.83752256,2017,UNKNOWN,5566328817.1,1764408.65149
WASPD,SPOKANE BLM,JAMESON LAKE,050417,2015-07-10,2015-07-12,6363.96527978,2015,LIGHTNING,277213218.731,113197.879185
WASPD,SPOKANE BLM,SOUTH SULPHUR SPRINGS,050206,2015-06-12,2015-10-05,763.76924511,2015,UNKNOWN,33269655.238,42286.204749
WASPD,SPOKANE BLM,SEVEN SPRINGS,001085,2015-08-10,2015-08-10,542.16641593,2015,UNKNOWN,23616674.611,29745.1417158
WANES,WA DNR - NE REGION,I-90 SPRAGUE,001007,2015-08-01,2015-08-05,1692.24003466,2015,UNKNOWN,73713681.0542,45251.8348933
WAMCR,MID COLUMBIA NWR,SADDLE MOUNTAIN,291,2015-06-29,2015-07-06,446.62559723,2015,UNKNOWN,19454933.1953,30710.9743195
WAWFS,WA FIRE SERVICE,MONUMENT,601,2015-06-30,2015-07-02,1954.18360665,2015,UNKNOWN,85123897.4092,68756.5527103
WABENN,BENTON COUNTY FD,LES BLAIR,267,2015-06-27,2015-10-05,865.57726598,2015,UNKNOWN,37704394.8882,61010.6046129
WASPD,SPOKANE BLM,BERRIAN,271,2015-06-27,2015-10-05,876.77192871,2015,UNKNOWN,38192032.4459,55552.6567934
WASPD,SPOKANE BLM,OUTLAW DRAW,050445,2015-07-15,2015-07-17,1980.53602216,2015,UNKNOWN,86271804.0372,90955.2608795
WACOF,COLVILLE NF,TOWER,001120,2015-08-12,2015-10-15,24734.28966489,2015,LIGHTNING,1077421348.1,379556.055092
WACOF,COLVILLE NF,GREASE CREEK,001212,2015-08-14,2015-10-15,730.26467185,2015,LIGHTNING,31810201.8646,53501.7724667
WACOF,COLVILLE NF,SHERMAN,UNKNOWN,1988-08-24,1988-08-24,2222.9646324,1988,UNKNOWN,96831952.0585,62599.9477043
WANES,WA DNR - NE REGION,ROCK CUT,UNKNOWN,1995-05-27,1995-05-27,20.8211709,1995,UNKNOWN,906966.576587,5417.75504866
WACOF,COLVILLE NF,DAY CREEK,UNKNOWN,2006-10-05,2006-10-05,131.14790048,2006,UNKNOWN,5712779.69362,12839.7356843
WACOF,COLVILLE NF,MANKATO,UNKNOWN,1994-08-12,1994-08-12,964.80299703,1994,UNKNOWN,42026650.4437,44668.5885973
WACOF,COLVILLE NF,UNKNOWN,UNKNOWN,1994-07-23,1994-07-23,81.19554641,1994,UNKNOWN,3536863.85428,9168.03723771
WACOF,COLVILLE NF,UNKNOWN,UNKNOWN,1986-07-23,1986-07-23,96.66305531,1986,UNKNOWN,4210625.84693,9440.77180693
WACOF,COLVILLE NF,WHITE MOUNTAIN,UNKNOWN,1988-08-24,1988-08-24,22239.91614935,1988,UNKNOWN,968766872.387,197034.362269
WACOF,COLVILLE NF,OLSEN PEAK,UNKNOWN,1994-07-23,1994-07-23,185.90186911,1994,UNKNOWN,8097853.027,14492.1723969
WACOF,COLVILLE NF,INCIDENT 94 SOUTH,UNKNOWN,1994-07-23,1994-07-23,115.8020307,1994,UNKNOWN,5044316.28002,10838.0874269
WACOF,COLVILLE NF,INCIDENT 47,UNKNOWN,1994-07-23,1994-07-23,116.85487271,1994,UNKNOWN,5090177.89445,9678.776893
WAOWF,OKAN-WEN NF,MANASTASH RIDGE,619,2013-08-20,2013-09-02,2351.83258868,2013,LIGHTNING,102445417.78,50168.8179398
WASPD,SPOKANE BLM,JUNIPER RANCH,543,2017-05-14,2017-05-15,99.90709868,2017,HUMAN,4351935.81072,19481.0733694
WASES,WA DNR - SE REGION,SPARTAN,120,2017-06-26,2017-06-29,8728.97766046,2017,LIGHTNING,380232745.954,109642.854894
WASPD,SPOKANE BLM,STRAIGHT HOLLOW,126,2017-06-26,2017-06-30,8436.24406786,2017,LIGHTNING,367481321.666,97087.8433642
WASPD,SPOKANE BLM,SUTHERLAND CANYON,121,2017-06-26,2017-07-02,29257.91470054,2017,LIGHTNING,1274469666.46,370709.852096
WASPD,SPOKANE BLM,RATTLESNAKE HILLS,180,2017-07-05,2017-07-07,3390.16271551,2017,UNKNOWN,147674897.186,66186.2947159
WASES,WA DNR - SE REGION,MITCHELL,179,2017-07-05,2017-07-09,598.98587327,2017,UNKNOWN,26091720.2726,21979.3768467
WAMCR,MID COLUMBIA NWR,GOOSE LAKE,202,2017-07-09,2017-07-09,707.62892662,2017,HUMAN,30824192.7464,24998.8329841
WAWFS,WA FIRE SERVICE,LES BLAIR,136,2018-06-04,2018-06-06,905.72865494,2018,UNKNOWN,39453382.3954,36124.4291044
WASPD,SPOKANE BLM,SOAP LAKE,1282,2018-06-11,2018-06-14,2639.6936417,2018,UNKNOWN,114984595.093,79677.3673626
WASES,WA DNR - SE REGION,MILEPOST TWENTY TWO,178,2018-06-20,2018-06-24,7596.7878315,2018,HUMAN,330914754.277,76160.6841835
WAWFS,WA FIRE SERVICE,MONTECITO,227,2018-06-28,2018-06-29,1876.93776094,2018,UNKNOWN,81759081.8293,101232.5919
WAWFS,WA FIRE SERVICE,EASTERDAY,193,2018-06-22,2018-06-23,1299.4116094,2018,UNKNOWN,56602143.2962,70434.0946929
WAMSF,MT. BAKER-SNOQ NF,PARK CREEK,59,2018-06-20,2018-06-22,40.52189672,2018,LIGHTNING,1765126.76077,8579.78330987
WAWFS,WA FIRE SERVICE,SNAKE RIVER,014117,2017-07-15,2017-07-17,3115.00440087,2017,LIGHTNING,135689048.944,57032.0017586
WASES,WA DNR - SE REGION,400,250,2017-07-20,2017-07-23,26087.35997476,2017,UNKNOWN,1136360855.04,205772.714785
WANES,WA DNR - NE REGION,BISSELL,001521,2017-07-23,2017-07-25,414.88922802,2017,UNKNOWN,18072502.4825,19339.2350835
WAWFS,WA FIRE SERVICE,GLADE 3,306,2017-07-30,2017-08-01,10951.25724417,2017,UNKNOWN,477034857.411,115926.296038
WANWS,WA DNR - NW REGION,SUIATTLE,088,2017-07-30,2017-08-06,216.36617448,2017,HUMAN,9424872.86097,16777.9822388
WAWFS,WA FIRE SERVICE,HAYES ROAD,331,2017-08-04,2017-08-06,2497.47042341,2017,UNKNOWN,108789376.485,55442.1999225
WAMCR,MID COLUMBIA NWR,EAST SADDLE,384,2017-08-12,2017-08-14,17466.1790746,2017,UNKNOWN,760823717.186,205935.112022
WACOF,COLVILLE NF,NOISY CREEK,001416,2017-07-15,2017-08-18,4305.36892351,2017,LIGHTNING,187541120.141,109351.654065
WAOWF,OKAN-WEN NF,367,367,2017-08-11,2017-08-28,62.10397897,2017,LIGHTNING,2705238.50277,7721.51328562
WAMSF,MT. BAKER-SNOQ NF,QUARRY,233,2017-08-11,2017-08-28,142.43882377,2017,LIGHTNING,6204610.34477,13464.2470492
WACOA,COLVILLE AGENCY,BRIDGE CREEK,088,2017-08-09,2017-09-03,3713.47655996,2017,LIGHTNING,161758391.916,115002.382604
WAOWF,OKAN-WEN NF,JOLLY MOUNTAIN,361,2017-08-11,2017-09-16,36817.42084014,2017,LIGHTNING,1603760436.74,816824.648693
WAOWF,OKAN-WEN NF,AMERICAN,351,2017-08-10,2017-09-16,3854.96095902,2017,LIGHTNING,167921427.687,120779.213509
WAGPF,GIFFORD PINCHOT NF,EAST CRATER,503,2017-09-03,2017-09-15,483.16909533,2017,HUMAN,21046761.6051,30976.261808
WAWFS,WA FIRE SERVICE,MONUMENT HILL,409,2017-08-16,2017-08-20,6255.19395695,2017,UNKNOWN,272475158.861,95278.8494746
WASPD,SPOKANE BLM,SILVER DOLLAR,166,2017-07-02,2017-07-05,31740.37813551,2017,UNKNOWN,1382605341.14,298236.842122
WAPCS,WA DNR - PC REGION,ARCHER MOUNTAIN,196,2017-09-05,2017-09-27,260.15141424,2017,UNKNOWN,11332150.2754,16756.5890373
WAOWF,OKAN-WEN NF,CHUMYON,526,2017-09-29,2017-09-30,506.05843442,2017,HUMAN,22043817.2278,24730.0029018
WAWFS,WA FIRE SERVICE,WHITEHALL,525,2017-09-30,2017-10-04,3460.75621287,2017,UNKNOWN,150749937.631,59328.8091233
WAOWF,OKAN-WEN NF,JACK CREEK,373,2017-08-11,2017-09-26,4441.35314656,2017,LIGHTNING,193464569.204,192907.668655
WACOF,COLVILLE NF,COPPER BUTTE,UNKNOWN,1994-07-23,1994-07-23,10574.58736917,1994,UNKNOWN,460627183.287,153599.167924
WACOF,COLVILLE NF,UNKNOWN,UNKNOWN,1994-07-22,1994-07-22,101.32191236,1994,UNKNOWN,4413564.848,8478.09363847
WACOF,COLVILLE NF,UNKNOWN,UNKNOWN,1986-08-21,1986-08-21,736.19847419,1986,UNKNOWN,32068677.2607,30880.3397785
WACOF,COLVILLE NF,WEST HUBBARD,1905,2018-08-11,2018-08-13,8.88395635,2018,LIGHTNING,386983.590563,4324.01798703
WASPD,SPOKANE BLM,GRASS VALLEY,517,2018-08-11,2018-08-12,76868.10702645,2018,UNKNOWN,3348361348.59,384225.212077
WACOF,COLVILLE NF,KELLY MOUNTAIN,1894,2018-08-11,2018-08-13,38.01206353,2018,UNKNOWN,1655798.86397,8459.06735654
WAWFS,WA FIRE SERVICE,BOFFER,915,2018-08-11,2018-08-14,4998.00485379,2018,UNKNOWN,217712220.58,85790.5853812
WAOWF,OKAN-WEN NF,BANNOCK LAKES,415,2018-07-28,2018-09-04,498.35466365,2018,UNKNOWN,21708242.3155,36997.0414705
WASPD,SPOKANE BLM,ELM,549,2018-08-17,2018-09-08,2078.5102549,2018,UNKNOWN,90539544.5441,41720.1558625
WAOWF,OKAN-WEN NF,HOLMAN,543,2018-08-16,2018-09-09,299.20890627,2018,UNKNOWN,13033487.8228,51885.3045955
WAMCR,MID COLUMBIA NWR,WAHLUKE SLOPE,605,2018-09-07,2018-09-09,11704.17816733,2018,LIGHTNING,509831961.635,122483.565145
WAOWF,OKAN-WEN NF,COUGAR CREEK,419,2018-07-29,2018-09-11,41416.33814431,2018,LIGHTNING,1804088473.19,535796.703302
WAWFS,WA FIRE SERVICE,GLADE CREEK,616,2018-09-08,2018-09-09,12835.61550331,2018,UNKNOWN,559117174.849,205985.201348
WAMSF,MT. BAKER-SNOQ NF,WRONG CREEK,154,2018-07-24,2018-09-09,423.52720839,2018,LIGHTNING,18448771.402,34059.9161066
WAOWF,OKAN-WEN NF,IRON WEST,609,2018-09-08,2018-09-09,8.25704508,2018,UNKNOWN,359675.444784,3249.18062651
WAOWF,OKAN-WEN NF,IRON EAST,610,2018-09-08,2018-09-09,32.10046761,2018,UNKNOWN,1398290.7761,7540.84480576
WAOWF,OKAN-WEN NF,MCLEOD,522,2018-08-11,2018-09-12,22875.4809779,2018,LIGHTNING,996451965.577,784746.226015
WANCP,NORTH CASCADES NP,ARCTIC JIM,222,2018-08-06,2018-08-15,347.18864558,2018,LIGHTNING,15123476.9074,18124.4627296
WAOWF,OKAN-WEN NF,CRESCENT MOUNTAIN,428,2018-07-29,2018-09-16,51972.41205121,2018,LIGHTNING,2263909213.29,1049748.81879
WAWFS,WA FIRE SERVICE,WAGON WHEEL,587,2018-09-01,2018-09-03,4046.18642129,2018,HUMAN,176251175.504,82502.0191629
WASPD,SPOKANE BLM,WEBER CANYON,315,2018-07-13,2018-07-14,543.8405084,2018,HUMAN,23689597.7871,43280.5795058
WASES,WA DNR - SE REGION,STORMY CREEK,243,2018-07-01,2018-07-12,64.86872812,2018,UNKNOWN,2825670.49424,8128.48580823
WACOA,COLVILLE AGENCY,LITTLE SNAKE RIVER,180169,2018-09-26,2018-09-27,246.91932926,2018,UNKNOWN,10755762.9595,18694.9510688
WAMSF,MT. BAKER-SNOQ NF,LITTLE FORK,267,2018-08-17,2018-08-24,426.88910327,2018,LIGHTNING,18595214.9572,22016.2970167
WAYAA,BIA - YAKIMA,HAWK FIRE,119,2018-08-10,2018-10-16,624.28747841,2018,HUMAN,27193853.784,30335.3111609
WAOWF,OKAN-WEN NF,TYEE,493,1994-07-24,1994-08-26,82558.09779602,1994,LIGHTNING,3596216355.09,382723.368157
WASPD,SPOKANE BLM,SHOOTING RANGE,202,2018-06-24,2018-06-24,206.35395353,2018,UNKNOWN,8988742.26089,12635.776146
WASES,WA DNR - SE REGION,CONRAD,244,2018-07-01,2018-07-03,4582.42957476,2018,UNKNOWN,199609833.835,104163.554076
WASPD,SPOKANE BLM,243 COMMAND,130,2019-06-03,2019-06-13,20426.77133731,2019,UNDER INVESTIGATION,889786600.296,238668.35605
WASES,WA DNR - SE REGION,PIPELINE,324,2019-07-23,2019-07-29,6514.95420571,2019,UNKNOWN,283790270.036,91390.1289236
WAYAA,BIA - YAKIMA,KUSSHI CREEK,079,2019-07-23,2019-07-27,1074.99052634,2019,LIGHTNING,46826400.0214,36994.2301746
WAWFS,WA FIRE SERVICE,NISQUALLY JOHN,1479,2018-07-04,2018-07-05,1388.48398111,2018,UNKNOWN,60482120.2878,44701.7838481
WASPD,SPOKANE BLM,BAIRD SPRINGS,259,2018-07-03,2018-07-03,1104.53632854,2018,UNKNOWN,48113410.0169,32909.1109949
WASES,WA DNR - SE REGION,QUINCY LAKE,247,2018-07-01,2018-07-02,2325.03508751,2018,HUMAN,101278123.298,92802.4827799
WASES,WA DNR - SE REGION,LITTLE CAMAS,268,2018-07-05,2018-07-10,316.89443984,2018,UNKNOWN,13803866.5839,25528.0122806
WASPD,SPOKANE BLM,SCORPION COULEE,280,2018-07-06,2018-07-08,142.6655945,2018,UNKNOWN,6214488.43851,17870.7363122
WASPD,SPOKANE BLM,WASHINGTON FLATS,307,2018-07-11,2018-07-12,385.08563254,2018,HUMAN,16774263.0564,21477.7761229
WASES,WA DNR - SE REGION,ROCKY REACH,322,2018-07-13,2018-07-14,1290.18119495,2018,UNKNOWN,56200068.0512,31921.2431958
WACOA,COLVILLE AGENCY,RATTLESNAKE,180090,2018-07-13,2018-07-15,3083.96335572,2018,UNKNOWN,134336906.426,50445.2008902
WANES,WA DNR - NE REGION,UPRIVER BEACON,1637,2018-07-17,2018-07-19,98.28796453,2018,HUMAN,4281406.60943,10700.4144578
WAWFS,WA FIRE SERVICE,BUCKSHOT,359,2018-07-19,2018-07-21,908.48700175,2018,HUMAN,39573535.5016,46859.3122005
WAMCR,MID COLUMBIA NWR,L RD SW,356,2018-07-19,2018-07-21,21619.00452206,2018,HUMAN,941720070.089,153185.258003
WASES,WA DNR - SE REGION,BOYLSTON,355,2018-07-19,2018-07-22,71694.42950133,2018,HUMAN,3122996857.05,303287.808953
WAWFS,WA FIRE SERVICE,LOCUST GROVE,908,2018-07-21,2018-07-23,1764.7342704,2018,HUMAN,76871517.3315,60814.2427488
WASES,WA DNR - SE REGION,TURTLE ROCK,388,2018-07-24,2018-07-25,716.64395616,2018,UNKNOWN,31216885.8626,22891.9454238
WASES,WA DNR - SE REGION,CHELAN HILLS,399,2018-07-27,2018-07-28,1842.22377485,2018,UNKNOWN,80246946.6437,46322.5959954
WASPD,SPOKANE BLM,WARNER GULCH,20578,2018-07-28,2018-07-31,471.69384225,2018,UNKNOWN,20546901.5804,22718.1160185
ORCGF,COLUMBIA RG NSA,MILEPOST 90,461,2018-07-31,2018-08-02,9950.68937637,2018,UNKNOWN,433450295.428,134150.822721
WASES,WA DNR - SE REGION,NAVARRE,455,2018-07-31,2018-08-02,150.97352905,2018,LIGHTNING,6576380.61991,12895.7417886
WASPD,SPOKANE BLM,HWY 24 COMMAND,447,2018-07-30,2018-07-31,1124.67702208,2018,UNKNOWN,48990735.1182,35828.1186123
WANES,WA DNR - NE REGION,SHEEP CREEK,1773,2018-07-30,2018-08-06,459.41399417,2018,UNKNOWN,20011993.5379,26124.6734057
WASPD,SPOKANE BLM,RAGGED BUTTE,490,2018-08-06,2018-08-08,1286.64147246,2018,UNKNOWN,56045878.3561,37698.6930281
WANES,WA DNR - NE REGION,ANGEL SPRINGS,1801,2018-08-02,2018-08-09,5050.16234872,2018,HUMAN,219984191.971,123830.945189
WAOWF,OKAN-WEN NF,DOE FALLS,526,2018-08-11,2018-08-11,6.0372354,2018,LIGHTNING,262980.921904,1944.16591499
WAOWF,OKAN-WEN NF,DOE,525,2018-08-11,2018-08-11,16.16448527,2018,LIGHTNING,704122.161819,3453.61192671
WAOWF,OKAN-WEN NF,BOULDER CREEK,529,2018-07-29,2018-08-11,6.83147228,2018,LIGHTNING,297577.742306,2118.03286487
WASPD,SPOKANE BLM,SADDLE MOUNTAIN,468,2018-08-02,2018-08-03,1851.42994258,2018,HUMAN,80647965.7061,51924.2966199
WAOWF,OKAN-WEN NF,WHITEPINE,442,2018-07-29,2018-08-14,9.73590295,2018,LIGHTNING,424094.236331,5045.11341995
WACOF,COLVILLE NF,GRIZZ,1901,2018-08-11,2018-08-12,5.79558408,2018,LIGHTNING,252454.632784,2003.20399678
WAOWF,OKAN-WEN NF,LOST,486,2018-08-05,2018-08-21,79.38942942,2018,UNKNOWN,3458189.7129,12604.5099451
WAOLF,OLYMPIC NF,MAPLE,207,2018-08-04,2018-08-21,2154.36549938,2018,UNKNOWN,93843785.7769,112286.235381
WANES,WA DNR - NE REGION,BOYDS,1909,2018-08-11,2018-08-27,4660.00314949,2018,HUMAN,202988925.234,131602.00291
WAWFS,WA FIRE SERVICE,CRYSTAL,585,2018-09-01,2018-09-02,2610.61808322,2018,HUMAN,113718068.832,90790.9471988
WACOF,COLVILLE NF,HORNS MOUNTAIN,1907,2018-08-11,2018-09-01,5902.00420765,2018,LIGHTNING,257090274.921,168859.602015
WAGPF,GIFFORD PINCHOT NF,CLEAR FORK,521,2018-08-08,2018-08-30,73.97606088,2018,LIGHTNING,3222384.32256,9879.39079238
WAOWF,OKAN-WEN NF,MIRIAM,433,2018-07-30,2018-08-30,4577.00670692,2018,UNKNOWN,199373614.657,163320.86114
WAYAA,BIA - YAKIMA,MENINICK PASS,127,2018-08-16,2018-09-04,5000.15559588,2018,LIGHTNING,217805906.53,77147.3645145
WAYAA,BIA - YAKIMA,MILE MARKER 44,143,2018-09-01,2018-09-04,1792.93979538,2018,HUMAN,78100145.0853,51433.3378244
WAOWF,OKAN-WEN NF,LEFT HAND,304,2019-07-23,2019-08-04,3462.67446203,2019,LIGHTNING,150833496.23,66804.5241444
WACOA,COLVILLE AGENCY,WILLIAMS FLATS,190106,2019-08-02,2019-08-26,44378.77008542,2019,UNDER INVESTIGATION,1933131492.37,393988.004734
WAOWF,OKAN-WEN NF,DEVORE CREEK,362,2019-07-26,2019-08-30,630.67678106,2019,LIGHTNING,27472170.6939,76246.5043767
WAOWF,OKAN-WEN NF,SOUTH FORK CREEK,320,2019-07-23,2019-09-04,175.72008673,2019,LIGHTNING,7654336.36054,29069.3587609
WAOLP,OLYMPIC NP,MT DANA,185,2019-08-31,2019-09-08,42.74724675,2019,LIGHTNING,1862062.61994,8343.92991295
WACOA,COLVILLE AGENCY,ELMER CITY,19067,2019-06-23,2019-06-25,2019.3475577,2019,HUMAN,87962427.7626,58314.3036235
WASPD,SPOKANE BLM,POWERLINE,270,2019-07-14,2019-07-17,7723.37951928,2019,UNKNOWN,336429066.139,89264.3674491
WAMCR,MID COLUMBIA NWR,COLD CREEK,282,2019-07-18,2019-07-20,41711.70535344,2019,UNKNOWN,1816954617.36,239583.175467
WAWFS,WA FIRE SERVICE,JUNIPER WIND TOWER,293,2019-07-20,2019-07-22,242.06357292,2019,UNKNOWN,10544247.0592,18767.3834249
WANES,WA DNR - NE REGION,GRAHAM,1773,2019-07-24,2019-07-25,99.16486603,2019,LIGHTNING,4319604.28573,11457.843378
WASES,WA DNR - SE REGION,DESERT CANYON,334,2019-07-24,2019-07-26,1461.06273841,2019,UNDETERMINED,63643638.3099,47499.398032
WACOF,COLVILLE NF,NORTH MILL CREEK,1945,2019-08-08,2019-08-12,422.70882728,2019,UNKNOWN,18413122.8634,28433.620349
WASES,WA DNR - SE REGION,DRY SAGE,137,2019-06-08,2019-11-05,383.75363068,2019,UNKNOWN,16716241.2875,16527.688615
WAWFS,WA FIRE SERVICE,SULPHUR,391,2019-08-02,2019-11-12,1145.75785692,2019,UNKNOWN,49909012.6108,47711.5025554
WASPD,SPOKANE BLM,SADDLE MOUNTAIN,345,2019-07-24,2019-12-10,123.87746031,2019,UNKNOWN,5396080.58684,13525.8827525
WASPD,SPOKANE BLM,MILEPOST 20,645,2019-10-29,2019-12-10,1122.1958153,2019,UNKNOWN,48882654.1834,40570.9727148
WA,UNKNOWN,HAMBRE MT,UNKNOWN,1984-10-17,1984-10-17,3030.27228719,1984,UNKNOWN,131998132.836,98521.0722676
WA,UNKNOWN,HANFORD,UNKNOWN,1984-08-12,1984-08-12,122894.13853662,1984,UNKNOWN,5353247261.6,651484.484655
WA,UNKNOWN,VERNITA BR,UNKNOWN,1984-05-30,1984-05-30,1996.05897857,1984,UNKNOWN,86947981.3135,60314.1493163
WA,UNKNOWN,UNNAMED,UNKNOWN,1985-07-20,1985-07-20,1332.38643872,1985,UNKNOWN,58038521.116,37420.0490584
WA,UNKNOWN,ROSA,UNKNOWN,1985-07-29,1985-07-29,19437.41346242,1985,UNKNOWN,846690343.651,226005.548939
WA,UNKNOWN,UNNAMED,UNKNOWN,1985-08-09,1985-08-09,1842.18538692,1985,UNKNOWN,80245274.4723,48520.0964471
WA,UNKNOWN,UNNAMED,UNKNOWN,1985-08-25,1985-08-25,2170.10802495,1985,UNKNOWN,94529527.4477,59472.7042367
WA,UNKNOWN,BEAVER,UNKNOWN,1985-08-24,1985-08-24,1106.86081548,1985,UNKNOWN,48214664.263,37808.2611856
WA,UNKNOWN,KELLERFE,UNKNOWN,1985-07-04,1985-07-04,1695.96763027,1985,UNKNOWN,73876054.4694,40174.74024
WA,UNKNOWN,UNNAMED,UNKNOWN,1985-08-06,1985-08-06,2834.75756183,1985,UNKNOWN,123481545.466,62816.6238475
WA,UNKNOWN,MONSE,UNKNOWN,1985-06-23,1985-06-23,2891.6061372,1985,UNKNOWN,125957859.504,53842.4982871
WA,UNKNOWN,MINNIE,UNKNOWN,1985-08-28,1985-08-28,3586.36839095,1985,UNKNOWN,156221582.222,57882.8718208
WA,UNKNOWN,AIRPORT,UNKNOWN,1985-08-30,1985-08-30,1333.71579746,1985,UNKNOWN,58096427.7509,40395.5033764
WA,UNKNOWN,HUBBARD CR,UNKNOWN,1985-07-21,1985-07-21,6804.3440656,1985,UNKNOWN,296396041.91,77874.6558737
WA,UNKNOWN,BARKER MT,UNKNOWN,1985-08-28,1985-08-28,32878.94915805,1985,UNKNOWN,1432201296.5,267446.014061
WA,UNKNOWN,GOLD HILL,UNKNOWN,1985-08-28,1985-08-28,1526.22587302,1985,UNKNOWN,66482133.0995,37366.2834613
WA,UNKNOWN,TRAIN,UNKNOWN,1986-06-05,1986-06-05,1897.2162616,1986,UNKNOWN,82642409.7846,86649.9144334
WA,UNKNOWN,JOSEPH CANYON 1,UNKNOWN,1986-08-11,1986-08-11,14396.6894715,1986,UNKNOWN,627117284.902,224399.059192
WA,UNKNOWN,CAMERON CK,UNKNOWN,1986-08-21,1986-08-21,3716.83883385,1986,UNKNOWN,161904851.981,67832.5546534
WA,UNKNOWN,EUREKA,UNKNOWN,1986-08-02,1986-08-02,3480.06718075,1986,UNKNOWN,151591120.027,76926.6054265
WA,UNKNOWN,BENTON,UNKNOWN,1987-08-23,1987-08-23,2108.28159237,1987,UNKNOWN,91836378.8169,62234.0520141
WA,UNKNOWN,DRILLING,UNKNOWN,1987-09-03,1987-09-03,3350.49059754,1987,UNKNOWN,145946786.64,66554.0113058
WA,UNKNOWN,LAMBING,UNKNOWN,1987-07-15,1987-07-15,9451.23636814,1987,UNKNOWN,411694209.414,186779.059951
WA,UNKNOWN,MONSE,UNKNOWN,1987-10-03,1987-10-03,7927.34756624,1987,UNKNOWN,345313878.726,85463.7346168
WA,UNKNOWN,UNNAMED,UNKNOWN,1989-08-03,1989-08-03,2804.27533478,1989,UNKNOWN,122153744.967,61363.57183
WA,UNKNOWN,VALLEY RD,UNKNOWN,1989-07-07,1989-07-07,5445.44309543,1989,UNKNOWN,237202552.424,67549.6780989
WA,UNKNOWN,CAMERON LK,UNKNOWN,1989-08-07,1989-08-07,1897.7286155,1989,UNKNOWN,82664727.8312,53899.2823326
WA,UNKNOWN,UNNAMED,UNKNOWN,1990-07-31,1990-07-31,2078.5022967,1990,UNKNOWN,90539197.8863,83442.0113453
WA,UNKNOWN,LOCUSTGROVE,UNKNOWN,1990-07-30,1990-07-30,17185.31639794,1990,UNKNOWN,748589387.928,284296.73463
WA,UNKNOWN,NAKE,UNKNOWN,1990-07-19,1990-07-19,1577.85352994,1990,UNKNOWN,68731024.8392,50327.8111037
WA,UNKNOWN,EMERSON,UNKNOWN,1990-07-30,1990-07-30,6703.03400247,1990,UNKNOWN,291982993.212,133337.167662
WA,UNKNOWN,UNNAMED,UNKNOWN,1990-08-14,1990-08-14,1270.47736677,1990,UNKNOWN,55341772.7289,54569.0336041
WA,UNKNOWN,UNNAMED,UNKNOWN,1990-07-24,1990-07-24,1403.07587012,1990,UNKNOWN,61117740.4306,37676.3560179
WA,UNKNOWN,WHITE RIVER,UNKNOWN,1990-07-14,1990-07-14,1319.72522404,1990,UNKNOWN,57487000.8107,59641.9066804
WA,UNKNOWN,SNOOKUM,UNKNOWN,1992-08-04,1992-08-04,2380.42499666,1992,UNKNOWN,103690898.09,69898.3470036
WA,UNKNOWN,LIZZY,UNKNOWN,1992-06-24,1992-06-24,2328.36216968,1992,UNKNOWN,101423050.418,79155.1010406
WA,UNKNOWN,UNNAMED,UNKNOWN,1992-06-07,1992-06-07,1586.83753469,1992,UNKNOWN,69122366.5207,79564.7147574
WA,UNKNOWN,365,UNKNOWN,1992-09-12,1992-09-12,3156.98291861,1992,UNKNOWN,137517625.862,66738.5420429
WA,UNKNOWN,RATTLESNAKE,UNKNOWN,1992-06-09,1992-06-09,17200.47329129,1992,UNKNOWN,749249619.561,241381.667488
WA,UNKNOWN,GOOSE LAKE,UNKNOWN,1992-05-20,1992-05-20,1878.6698669,1992,UNKNOWN,81834532.0631,42467.0536757
WA,UNKNOWN,SUNNYSLOPE,UNKNOWN,1992-05-20,1992-05-20,1082.60435323,1992,UNKNOWN,47158056.9941,34545.9627129
WA,UNKNOWN,WHITMORE,UNKNOWN,1992-06-25,1992-06-25,5938.32497721,1992,UNKNOWN,258672401.315,72065.6065286
WA,UNKNOWN,BOOT MTN,UNKNOWN,1992-06-25,1992-06-25,6133.0033633,1992,UNKNOWN,267152557.892,79901.2982416
WA,UNKNOWN,RATTLESNAKE,UNKNOWN,1992-06-25,1992-06-25,2712.5732979,1992,UNKNOWN,118159220.218,59519.3693109
WA,UNKNOWN,JACKASS BU,UNKNOWN,1992-08-16,1992-08-16,1332.14122554,1992,UNKNOWN,58027839.6726,39663.3773889
WA,UNKNOWN,HIGHWAY 24,UNKNOWN,1993-06-14,1993-06-14,11412.20973974,1993,UNKNOWN,497113867.801,181893.016883
WA,UNKNOWN,UNNAMED,UNKNOWN,1995-09-04,1995-09-04,1266.27822654,1995,UNKNOWN,55158858.9121,38634.6762057
WA,UNKNOWN,WLKOLIVES,UNKNOWN,1999-08-12,1999-08-12,1101.56276087,1999,UNKNOWN,47983881.9276,47786.0370667
WA,UNKNOWN,JAMESON LAKE,UNKNOWN,1999-08-14,1999-08-14,1637.96989841,1999,UNKNOWN,71349683.3751,43506.3838358
WA,UNKNOWN,2-RIVERS,UNKNOWN,1999-09-23,1999-09-23,3147.68198353,1999,UNKNOWN,137112478.751,73156.5553187
WA,UNKNOWN,TIMME RANCH,UNKNOWN,1999-08-25,1999-08-25,1717.884812,1999,UNKNOWN,74830763.0869,40327.6855057
WA,UNKNOWN,MALOTT,UNKNOWN,1999-09-25,1999-09-25,2818.03452803,1999,UNKNOWN,122753093.027,59817.3681715
WAWFS,WA FIRE SERVICE,ROAD 11,000314,2020-07-11,2020-07-13,9632.97082265,2020,UNDETERMINED,419610530.588,120641.629388
WASPD,SPOKANE BLM,35 COMMAND,UNKNOWN,2020-07-10,2020-07-10,92.27711352,2020,UNKNOWN,4019574.98669,17574.6464259
WAWFS,WA FIRE SERVICE,ROAD A,UNKNOWN,2020-07-03,2020-07-03,3.43276882,2020,UNKNOWN,149530.811741,2069.14000578
WACOA,COLVILLE AGENCY,POTHOLE,200084,2020-07-06,2020-07-08,351.83901156,2020,MISCELLANEOUS,15326046.0393,19207.061441
WAMCR,MID-COLUMBIA NWR,SADDLE MOUNTAIN,000291,2020-07-06,2020-07-07,7713.18217724,2020,UNDETERMINED,335984871.697,80697.948877
WASPD,SPOKANE BLM,SILICA,000263,2020-07-04,2020-07-04,13.16782156,2020,UNKNOWN,573588.012789,6487.55350835
WACOA,COLVILLE AGENCY,GREENHOUSE,200093,2020-07-23,2020-07-24,5171.0197029,2020,UNKNOWN,225248717.261,89449.996216
WASPD,SPOKANE BLM,KONNOWAC,000436,2020-08-03,2020-08-05,1083.52696927,2020,UNDETERMINED,47198245.988,36963.8479389
WASPD,SPOKANE BLM,COULEE MEADOWS,000403,2020-07-30,2020-07-31,775.97594373,2020,UNKNOWN,33801376.9028,26069.0794904
WAYAA,BIA - YAKIMA,NORTH BROWNSTOWN,000082,2020-08-16,2020-08-17,344.26921519,2020,HUMAN,14996307.0283,21653.6131521
WASPD,SPOKANE BLM,STORMY POINT,000284,2020-07-05,2020-07-06,5.7981535,2020,UNKNOWN,252566.556306,2665.34318842
WAMCR,MID-COLUMBIA NWR,TAYLOR POND,000508,2020-08-16,2020-08-17,24454.02645655,2020,LIGHTNING,1065213131.58,257336.240912
WAWFS,WA FIRE SERVICE,CHIEF TIMOTHY,001927,2020-08-16,2020-08-17,1322.07464994,2020,HUMAN,57589341.3932,33829.7772166
WAYAA,BIA - YAKIMA,NORTH BROWNSTOWN 3,000087,2020-08-16,2020-08-17,5966.48718085,2020,HUMAN,259899141.998,120162.916193
WAYAA,BIA - YAKIMA,TULE ROAD,000088,2020-08-16,2020-08-17,698.46105612,2020,UNKNOWN,30424841.905,27099.856781
WAOWF,OKAN-WEN NF,JUNGLE CREEK,000510,2020-08-17,2020-08-31,540.65973291,2020,UNKNOWN,23551043.7612,22100.8821375
WAYAA,BIA - YAKIMA,NORTH BROWNSTOWN 2,000085,2020-08-16,2020-08-17,883.97849852,2020,HUMAN,38505949.3712,35292.6747758
WASPD,SPOKANE BLM,PALMER,001947,2020-08-18,2020-08-20,18013.48854307,2020,UNDER INVESTIGATION,784664422.269,151313.600046
WASES,WA DNR - SE REGION,BERTSCHI ROAD,000334,2020-07-16,2020-07-23,250.25362447,2020,UNDER INVESTIGATION,10901004.2778,20523.2199642
WASES,WA DNR - SE REGION,COLOCKUM,000370,2020-07-24,2020-07-25,2966.85175732,2020,UNDER INVESTIGATION,129235545.605,88322.8330377
WANES,WA DNR - NE REGION,GREEN,001723,2020-07-27,2020-07-30,1786.3060831,2020,MISCELLANEOUS,77811181.734,45155.8569028
WAOLP,OLYMPIC NP,EAST BEACH ROAD,000112,2020-07-29,2020-07-30,84.80636818,2020,HUMAN,3694150.62111,10283.4424844
WANES,WA DNR - NE REGION,BADGER LAKE,001921,2020-08-16,2020-08-19,333.53400919,2020,UNDER INVESTIGATION,14528683.3252,36205.9592267
WANES,WA DNR - NE REGION,ANGLIN,001725,2020-07-27,2020-07-29,1760.94950861,2020,MISCELLANEOUS,76706653.7674,42353.37482
ORUMF,UMATILLA NF,RATTLESNAKE,000873,2020-08-18,2020-08-21,497.75579028,2020,LIGHTNING,21682155.4957,30338.91417
WASES,WA DNR - SE REGION,EVANS CANYON,000565,2020-08-31,2020-09-02,75681.63905654,2020,UNDETERMINED,3296679010.55,605059.746068
WANES,WA DNR - NE REGION,HEATON ROAD,002092,2020-09-02,2020-09-02,299.87599412,2020,MISCELLANEOUS,13062546.0534,15209.4304804
WAWFS,WA FIRE SERVICE,PEARL HILL,000594,2020-09-07,2020-09-11,223802.05680059,2020,UNDETERMINED,9748778599.0,1376436.94671
WANES,WA DNR - NE REGION,CUSTOMS ROAD,002167,2020-03-20,2020-03-23,1110.42683008,2020,DEBRIS BURN,48369999.2377,46516.4921214
WAGPF,GIFFORD PINCHOT NF,BIG HOLLOW,000864,2020-09-08,2020-09-16,24995.15262142,2020,UNKNOWN,1088784493.04,550660.991936
WANES,WA DNR - NE REGION,EUCLID TRACKS,002173,2020-09-07,2020-09-08,194.83999118,2020,POWER LINE,8487196.06694,19122.8846333
WAWFS,WA FIRE SERVICE,MANNING RD,000114,2020-09-07,2020-09-08,2685.36497072,2020,UNKNOWN,116974030.227,61141.9736363
WASES,WA DNR - SE REGION,APPLE ACRES,000596,2020-09-07,2020-09-08,5754.93613994,2020,UNDER INVESTIGATION,250684015.517,110958.428366
WANES,WA DNR - NE REGION,WHITNEY,002144,2020-09-07,2020-09-08,127430.50354583,2020,POWER LINE,5550850530.99,666083.21194
WANES,WA DNR - NE REGION,BABB-MALDEN,02151,2020-09-07,2020-09-08,14475.47300135,2020,UNKNOWN,630549081.735,180765.975614
WACOA,COLVILLE AGENCY,FRY,200131,2020-09-07,2020-09-12,481.45419034,2020,HUMAN,20972060.6426,23677.9904025
WAWFS,WA FIRE SERVICE,FRUIT VALLEY,000252,2020-09-14,2020-09-14,166.52856153,2020,UNKNOWN,7253955.12455,17731.7322552
WASPS,WA DNR - SPS REGION,FISH,000199,2020-09-08,2020-09-12,132.41692836,2020,MISCELLANEOUS,5768058.32692,12951.4216049
WAMSF,MT. BAKER-SNOQ NF,DOWNEY CREEK,000165,2020-09-16,2020-10-11,2572.60668201,2020,LIGHTNING,112062298.818,57285.9695969
WACOA,COLVILLE AGENCY,INCHELIUM HIGHWAY,200133,2020-09-07,2020-09-12,7109.41948052,2020,HUMAN,309685073.827,124664.089513
WACOA,COLVILLE AGENCY,COLD SPRINGS,200130,2020-09-06,2020-09-11,190033.24711394,2020,UNDER INVESTIGATION,8277815132.92,654430.452778
WACOA,COLVILLE AGENCY,KEWA FIELD,200135,2020-09-07,2020-09-12,11744.39188743,2020,HUMAN,511583664.276,171347.82846
WAOWF,OKAN-WEN NF,COLD CREEK,000639,2020-09-21,2020-09-21,565.21438615,2020,UNDETERMINED,24620640.1776,32168.1293116
WAMCR,MID-COLUMBIA NWR,PATERSON,000599,2020-09-07,2020-09-12,1462.0501548,2020,UNKNOWN,63686649.9958,106045.598133
WAWFS,WA FIRE SERVICE,WAWAWAI CANYON,002211,2020-09-12,2020-09-12,303.49882149,2020,UNDER INVESTIGATION,13220355.7827,19772.7318543
WASPD,SPOKANE BLM,KAHLOTUS,000607,2020-08-21,2020-08-28,21569.55607296,2020,UNKNOWN,939566104.262,223601.2217
WAWFS,WA FIRE SERVICE,GERBER,000467,2020-10-08,2020-10-08,7.64972055,2020,UNKNOWN,333220.494282,4342.46492661
WAWFS,WA FIRE SERVICE,DRUMHELLER NORTHEAST,000350,2020-10-08,2020-10-08,30.76708789,2020,UNKNOWN,1340208.98755,5100.417787
WAOWF,OKAN-WEN NF,CHIKAMIN,000407,2020-07-31,2020-09-28,1610.25151415,2020,LIGHTNING,70142275.3862,82243.2409115
WASPD,SPOKANE BLM,CAMP,000529,2020-11-09,2020-11-09,109.53282663,2020,UNKNOWN,4771230.84318,13228.0115939
WASPD,SPOKANE BLM,FINLEY ROAD,000397,2020-07-29,2020-07-30,2.80594265,2020,UNKNOWN,122226.373128,2369.62858309
WASPD,SPOKANE BLM,BEVERLY BURKE,000597,2020-09-07,2020-09-08,788.19633787,2020,UNDETERMINED,34333695.1423,38927.2751422
WAMCR,MID COLUMBIA NWR,MORGAN LAKE,000465,2020-08-09,2020-08-09,2.11294164,2020,UNKNOWN,92039.369856,1430.15856975
WASES,WA DNR - SE REGION,STAYMAN FLATS,000236,2020-06-27,2020-07-04,7.7818345,2020,MISCELLANEOUS,338975.354838,3211.9824365
WANES,WA DNR - NE REGION,BLUE LAKE ONE,001748,2020-07-30,2020-07-30,87.56092654,2020,UNDETERMINED,3814138.70336,12460.9893441
WASPD,SPOKANE BLM,CHANDLER,000586,2020-09-05,2020-09-06,34.39389226,2020,UNKNOWN,1498191.95409,4647.61969679
WAWFS,WA FIRE SERVICE,GRANDVIEW,000332,2020-07-15,2020-07-16,60.52535513,2020,UNKNOWN,2636473.92364,7192.67675421
WASPD,SPOKANE BLM,DENNIS ROAD,000268,2020-07-04,2020-07-05,57.95498917,2020,UNKNOWN,2524509.23029,13410.1776112
WAMCR,MID-COLUMBIA NWR,ROCK BLUFF,000146,2020-05-30,2020-05-31,25.86595462,2020,UNKNOWN,1126716.47628,5630.6395318
WAMCR,MID-COLUMBIA NWR,MARSH UNIT 3,000145,2020-05-30,2020-05-31,175.80584334,2020,LIGHTNING,7658071.90353,17349.267174
WASPA,SPOKANE AGENCY,MILL POND,001280,2020-04-18,2020-04-19,15.36804383,2020,UNKNOWN,669429.311591,3521.09232561
WASPA,SPOKANE AGENCY,MATHEWS LAKE,001296,2020-04-21,2020-04-22,78.31536448,2020,UNKNOWN,3411403.6309,6996.52952497
WASPA,SPOKANE AGENCY,FLETT LOOP,001282,2020-04-19,2020-04-20,139.98969702,2020,UNKNOWN,6097926.81042,13959.2693772
WASPD,SPOKANE BLM,WATERMELON HILL,001714,2020-07-26,2020-07-27,17.25460242,2020,MISCELLANEOUS,751607.47503,3354.27709388
WASPD,SPOKANE BLM,ROCKY POINT,000175,2020-06-07,2020-06-25,68.59335165,2020,UNKNOWN,2987914.44612,9141.03425662
WASPD,SPOKANE BLM,OLD VANTAGE ROAD,000317,2020-07-11,2020-07-12,27.63737585,2020,UNDETERMINED,1203879.27631,6639.51567209
WASES,WA DNR - SE REGION,SUNSET,000322,2020-07-13,2020-07-14,154.07591919,2020,UNDER INVESTIGATION,6711520.19379,11935.6971804
WASPD,SPOKANE BLM,GIBBON,000157,2020-05-31,2020-06-01,845.01904615,2020,DEBRIS BURN,36808882.4144,31312.321409
WASES,WA DNR - SE REGION,GUN RANGE,000198,2020-06-18,2020-06-19,110.30957834,2020,UNDER INVESTIGATION,4805066.01225,9172.68142433
WASPD,SPOKANE BLM,BIG HORN,000249,2020-06-30,2020-07-01,397.2767743,2020,UNDER INVESTIGATION,17305307.0672,20710.9638805
WASPD,SPOKANE BLM,WEBBER SPRINGS,000682,2020-09-24,2020-09-25,54.28935717,2020,DEBRIS BURN,2364834.9391,10299.989238
WAWFS,WA FIRE SERVICE,SUMNER GRADE,067404,2020-09-08,2020-09-13,347.04878418,2020,POWER LINE,15117384.5692,31782.5287541
WANES,WA DNR - NE REGION,RITCHEY,001060,2020-03-04,2020-03-10,11.07972743,2020,RAILROAD,482630.996279,10199.0618118
WANES,WA DNR - NE REGION,HIGHWAY 27,001695,2020-07-24,2020-07-28,8.17127183,2020,MISCELLANEOUS,355939.176989,8744.844518
WANES,WA DNR - NE REGION,SHORE ACRES,001804,2020-08-04,2020-08-13,18.09260864,2020,LOGGING,788110.880025,4429.55676214
WANES,WA DNR - NE REGION,SHERMAN,001627,2020-07-16,2020-07-22,3.54016441,2020,UNDER INVESTIGATION,154208.944814,2118.02809058
WANES,WA DNR - NE REGION,SPRAGUE,001792,2020-08-02,2020-08-06,15.72484337,2020,MISCELLANEOUS,684971.437283,4173.79377747
